Workbook

Sheet Áttekintő
A2: Kiberbiztonsági jogszabályi feladatok
A3: V.1.0. Törvény és végrehajtási rendelet. 2026.09.13.
A5: Első tételes kivonat, teljes forrásszöveggel. A feladat- és jogjegyzék még nem teljes körű; a feldolgozottságot a Mutató mutatja.
A8: Feladatok és kötelezettségek | B8: =COUNTA(Feladatok!A6:A215) -> 210
A9: Jogok és hatáskörök | B9: =COUNTA(Jogok!A6:A46) -> 41
A10: Jogszabályi fogalmak | B10: =COUNTA(Fogalmak!A6:A131) -> 126
A12: Mit szeretnél megtalálni?
A13: =HYPERLINK("#'Hatály'!A1","Hatály") -> Hatály | B13: Kikre és mire vonatkozik?
A14: =HYPERLINK("#'Feladatok'!A1","Feladatok") -> Feladatok | B14: Mi az érintett feladata?
A15: =HYPERLINK("#'Jogok'!A1","Jogok") -> Jogok | B15: Mire jogosult, milyen hatáskörrel rendelkezik?
A16: =HYPERLINK("#'Fogalmak'!A1","Fogalmak") -> Fogalmak | B16: Mit jelent a jogszabályban használt fogalom?
A17: =HYPERLINK("#'Mutató'!A1","Mutató") -> Mutató | B17: Hol tart a tételes feldolgozás?
A18: =HYPERLINK("#'Forrásszöveg'!A1","Forrásszöveg") -> Forrásszöveg | B18: Mi a pontos rendelkezés?
A19: =HYPERLINK("#'Kapcsolatok'!A1","Kapcsolatok") -> Kapcsolatok | B19: Hol hivatkozik a Vhr. a törvényre?
A20: =HYPERLINK("#'Források'!A1","Források") -> Források | B20: Melyik változatból készült, hogyan bővíthető?
A22: Használat: válassz modult, szűrj az érintettre vagy témára, majd kattints a jogalapra. A „Teljes §” az összefüggő rendelkezések elejére visz.
A25: A kifejtés a két jogszabály tartalmára korlátozódik. Saját workflow, belső felelőskiosztás és bizonyítékigény nem szerepel benne.

Sheet Hatály
A2: Hatály, feltételek és kivételek | F2: =HYPERLINK("#'Áttekintő'!A1","Áttekintő") -> Áttekintő
A3: A szöveg együtt olvasandó a kapcsolódó mellékletekkel. A táblázat nem hoz szervezetre vonatkozó hatálydöntést.
A5: Azonosító | B5: Terület | C5: Jogszabályhely | D5: Szó szerinti rendelkezés / szövegkezdet | E5: Forrás | F5: Mellékletek
A6: H-TV-S0010 | B6: Személyi és tárgyi hatály, minősítés | C6: Tv. 1. § (1) | D6: 1. § (1) E törvénynek a szervezetek kötelezettségeire és a kiberbiztonsági hatósági felügyeletre vonatkozó rendelkezéseit kell alkalmazni a) az 1. mellékletben felsorolt, a közigazgatási ágazathoz tartozó szervezetekre, b) a többségi állami befolyás alatt álló azon gazdálkodó szervezetekre, amelyek nem tartoznak az a) pont hatálya alá és amelyek vonatkozásában legalább az egyik feltétel teljesül az alábbiak közül: ba) összes foglalkoztatotti létszáma eléri vagy meghaladja az 50 főt, vagy bb) éves nettó árbevétele vagy éves költségvetési bevételi előirányzata meghaladja a 10 millió eurónak megfelelő forintösszeget, és – a számvitelről szóló 2000. évi C. törvény 8. § (2) bekezdése szerinti beszámoló készítésére köteles szervezet esetében – mérlegfőösszege meghaladja a 10 millió eurónak megfelelő forintösszeget, c) a 23. § (1) bekezdés a) pontja szerinti nemzeti kiberbiztonsági hatóság (a továbbiakban: nemzeti kiberbiztonsági hatóság), vagy a 23. § (2) bekezdése szerinti honvédelmi kiberbiztonsági hatóság (a továbbiakban: honvédelmi kibe … [a teljes bekezdés a Forrás hivatkozáson] | E6: =HYPERLINK("#'Forrásszöveg'!A"&(MATCH("TV-S0010",Forrásszöveg!$A$6:$A$2497,0)+5),"Teljes bekezdés") -> Teljes bekezdés | F6: =HYPERLINK("#'Forrásszöveg'!A"&(MATCH("TV-S1258",Forrásszöveg!$A$6:$A$2497,0)+5),"Mellékletek") -> Mellékletek
A7: H-TV-S0026 | B7: Személyi és tárgyi hatály, minősítés | C7: Tv. 1. § (1a) | D7: (1a) Az (1) bekezdésben euróban meghatározott összegek forintra történő átszámításakor a Magyar Nemzeti Bank által közzétett, a szervezet üzleti évének lezárásakor vagy – költségvetési szerv esetében – a költségvetési év zárásakor érvényes hivatalos devizaárfolyamot kell alkalmazni. Újonnan alapított szervezet esetén a tárgyévet megelőző év utolsó napján érvényes, a Magyar Nemzeti Bank által közzétett hivatalos devizaárfolyamot kell alkalmazni. | E7: =HYPERLINK("#'Forrásszöveg'!A"&(MATCH("TV-S0026",Forrásszöveg!$A$6:$A$2497,0)+5),"Teljes bekezdés") -> Teljes bekezdés | F7: =HYPERLINK("#'Forrásszöveg'!A"&(MATCH("TV-S1258",Forrásszöveg!$A$6:$A$2497,0)+5),"Mellékletek") -> Mellékletek
A8: H-TV-S0027 | B8: Személyi és tárgyi hatály, minősítés | C8: Tv. 1. § (2) | D8: (2) A kritikus szervezetek ellenálló képességéről szóló törvény (a továbbiakban: Kszetv.) alapján kijelölt kritikus szervezetek és kritikus infrastruktúrák (a továbbiakban együtt: kritikus szervezet), valamint a védelmi és biztonsági tevékenységek összehangolásáról szóló törvény (a továbbiakban: Vbö.) alapján kijelölt, az ország védelme és biztonsága szempontjából jelentős szervezetek és infrastruktúrák (a továbbiakban együtt: az ország védelme és biztonsága szempontjából jelentős szervezet) vonatkozásában a szervezetnek az (1) bekezdés szerinti minősülése az irányadó e törvény rendelkezéseinek az alkalmazása során, kivéve, ha a kritikus szervezet vagy az ország védelme és biztonsága szempontjából jelentős szervezet az (EU) 2022/2554 európai parlamenti és tanácsi rendelet hatálya alá tartozik. | E8: =HYPERLINK("#'Forrásszöveg'!A"&(MATCH("TV-S0027",Forrásszöveg!$A$6:$A$2497,0)+5),"Teljes bekezdés") -> Teljes bekezdés | F8: =HYPERLINK("#'Forrásszöveg'!A"&(MATCH("TV-S1258",Forrásszöveg!$A$6:$A$2497,0)+5),"Mellékletek") -> Mellékletek
A9: H-TV-S0028 | B9: Személyi és tárgyi hatály, minősítés | C9: Tv. 1. § (2a) | D9: (2a) E törvénynek – a 9. § és a 13–15. § kivételével – az 1. § (1) bekezdés a) pontja szerinti szervezetekre irányadó rendelkezéseit kell alkalmazni arra a kritikus szervezetre vagy az ország védelme és biztonsága szempontjából jelentős szervezetre, amely nem minősül az (1) bekezdés szerinti szervezetnek. | E9: =HYPERLINK("#'Forrásszöveg'!A"&(MATCH("TV-S0028",Forrásszöveg!$A$6:$A$2497,0)+5),"Teljes bekezdés") -> Teljes bekezdés | F9: =HYPERLINK("#'Forrásszöveg'!A"&(MATCH("TV-S1258",Forrásszöveg!$A$6:$A$2497,0)+5),"Mellékletek") -> Mellékletek
A10: H-TV-S0029 | B10: Személyi és tárgyi hatály, minősítés | C10: Tv. 1. § (3) | D10: (3) A szervezetek – az általuk nyújtott szolgáltatásnak az állam, a társadalom, a gazdaság működése szempontjából való kritikussága, valamint bizonyos esetekben a szervezet mérete alapján – alapvető vagy fontos szervezeteknek minősülnek. | E10: =HYPERLINK("#'Forrásszöveg'!A"&(MATCH("TV-S0029",Forrásszöveg!$A$6:$A$2497,0)+5),"Teljes bekezdés") -> Teljes bekezdés | F10: =HYPERLINK("#'Forrásszöveg'!A"&(MATCH("TV-S1258",Forrásszöveg!$A$6:$A$2497,0)+5),"Mellékletek") -> Mellékletek
A11: H-TV-S0030 | B11: Személyi és tárgyi hatály, minősítés | C11: Tv. 1. § (4) | D11: (4) Az (1) bekezdés szerinti szervezetek közül alapvető szervezetnek minősülnek az alábbi szervezetek: a) az 1. melléklet szerinti szervezetek, kivéve a 20 000 főt meg nem haladó lakosságszámú települések képviselő-testületének hivatalai, b) az (1) bekezdés b) pontja szerinti szervezetek, c) azon szervezetek, amelyeket a nemzeti kiberbiztonsági hatóság vagy a honvédelmi kiberbiztonsági hatóság alapvető szervezetként azonosított, d) a Kszetv. alapján kijelölt kritikus szervezetek, e) a Vbö. alapján kijelölt, az ország védelme és biztonsága szempontjából jelentős szervezetek, f) a 2. melléklet szerinti azon szervezetek, amelyek a kis- és középvállalkozásokról, fejlődésük támogatásáról szóló törvény szerint középvállalkozásnak minősülnek vagy meghaladják a középvállalkozásokra vonatkozóan előírt küszöbértékeket, valamint g) a minősített bizalmi szolgáltatók és a legfelső szintű doménnév-nyilvántartók, valamint a DNS-szolgáltatók, méretüktől függetlenül, h) a honvédelmi érdekhez kapcsolódó tevékenységet folytató gazdasági társaságok. | E11: =HYPERLINK("#'Forrásszöveg'!A"&(MATCH("TV-S0030",Forrásszöveg!$A$6:$A$2497,0)+5),"Teljes bekezdés") -> Teljes bekezdés | F11: =HYPERLINK("#'Forrásszöveg'!A"&(MATCH("TV-S1258",Forrásszöveg!$A$6:$A$2497,0)+5),"Mellékletek") -> Mellékletek
A12: H-TV-S0039 | B12: Személyi és tárgyi hatály, minősítés | C12: Tv. 1. § (5) | D12: (5) Az (1) bekezdés szerinti szervezetek közül fontos szervezetnek minősülnek és a szervezetekre vonatkozó rendelkezéseket az e törvényben foglalt eltérésekkel kell alkalmazni az alábbi szervezetekre: a) a 20 000 főt meg nem haladó lakosságszámú települések képviselő-testületének hivatalai, b) azon szervezetek, amelyeket a nemzeti kiberbiztonsági hatóság vagy a honvédelmi kiberbiztonsági hatóság fontos szervezetként azonosított, c) a 2. melléklet szerinti szervezet, amely nem minősül alapvető szervezetnek, valamint d) a 3. melléklet szerinti szervezet, amely a (4) bekezdés b)–e) pontja alapján nem minősül alapvető szervezetnek. | E12: =HYPERLINK("#'Forrásszöveg'!A"&(MATCH("TV-S0039",Forrásszöveg!$A$6:$A$2497,0)+5),"Teljes bekezdés") -> Teljes bekezdés | F12: =HYPERLINK("#'Forrásszöveg'!A"&(MATCH("TV-S1258",Forrásszöveg!$A$6:$A$2497,0)+5),"Mellékletek") -> Mellékletek
A13: H-TV-S0044 | B13: Személyi és tárgyi hatály, minősítés | C13: Tv. 1. § (6) | D13: (6) Az (1) bekezdés c) pontja szerinti azonosítási eljárás feltétele, hogy a szervezet 1. Magyarországon egyedüli szolgáltatója egy olyan szolgáltatásnak, amely elengedhetetlen a kritikus társadalmi vagy gazdasági tevékenységek fenntartásához; 2. által nyújtott szolgáltatás zavara jelentős hatással lehet a közrendre, a közbiztonságra vagy a közegészségre; 3. által nyújtott szolgáltatás zavara jelentős hatást gyakorolhat kritikus fontosságú társadalmi vagy gazdasági tevékenységekre; 4. által nyújtott szolgáltatás zavara jelentős rendszerszintű kockázatot idézhet elő, különösen azokban az ágazatokban, ahol az említett zavarnak határokon átnyúló hatása lehet; 5. nemzeti vagy regionális szinten különös fontossággal bír az adott ágazat vagy szolgáltatás típusa, vagy más, hazai kölcsönösen függő ágazatok szempontjából; 6. a nemzetbiztonsági védelem alá eső szervek és létesítmények köréről szóló kormányhatározat alapján nemzetbiztonsági védelem alatt áll; vagy nemzetbiztonsági okból a nemzeti kiberbiztonsági hatóság, honvédelmi vagy katonai … [a teljes bekezdés a Forrás hivatkozáson] | E13: =HYPERLINK("#'Forrásszöveg'!A"&(MATCH("TV-S0044",Forrásszöveg!$A$6:$A$2497,0)+5),"Teljes bekezdés") -> Teljes bekezdés | F13: =HYPERLINK("#'Forrásszöveg'!A"&(MATCH("TV-S1258",Forrásszöveg!$A$6:$A$2497,0)+5),"Mellékletek") -> Mellékletek
A14: H-TV-S0058 | B14: Személyi és tárgyi hatály, minősítés | C14: Tv. 1. § (7) | D14: (7) E törvény kiberbiztonsági tanúsításra vonatkozó rendelkezéseit az információs és kommunikációs technológiai (a továbbiakban: IKT) termékek, IKT-szolgáltatások vagy IKT-folyamatok tanúsításával kapcsolatos tevékenységre kell alkalmazni. | E14: =HYPERLINK("#'Forrásszöveg'!A"&(MATCH("TV-S0058",Forrásszöveg!$A$6:$A$2497,0)+5),"Teljes bekezdés") -> Teljes bekezdés | F14: =HYPERLINK("#'Forrásszöveg'!A"&(MATCH("TV-S1258",Forrásszöveg!$A$6:$A$2497,0)+5),"Mellékletek") -> Mellékletek
A15: H-TV-S0059 | B15: Személyi és tárgyi hatály, minősítés | C15: Tv. 1. § (8) | D15: (8) E törvény poszt-kvantumtitkosításra vonatkozó rendelkezéseit a Szabályozott Tevékenységek Felügyeleti Hatósága (a továbbiakban: SZTFH) elnökének rendeletében meghatározott, a következő szervezetekre (a továbbiakban: poszt-kvantumtitkosítás alkalmazására kötelezett szervezet) és hatósági felügyeletükre irányuló tevékenységre kell alkalmazni: a) a kormányzati célú hálózatokról szóló kormányrendelet szerinti igénybevételre kötelezett szervezet, valamint b) a következő törvények hatálya alá tartozó közműszolgáltató és a következő törvények felhatalmazása alapján kiadott jogszabályok hatálya alá tartozó, közszolgáltatást nyújtó szervezet: ba) a földgázellátásról szóló törvény, bb) a földgáz biztonsági készletezéséről szóló törvény, bc) a villamos energiáról szóló törvény, bd) a távhőszolgáltatásról szóló törvény, be) a víziközmű-szolgáltatásról szóló törvény, valamint bf) a hulladékról szóló törvény. | E15: =HYPERLINK("#'Forrásszöveg'!A"&(MATCH("TV-S0059",Forrásszöveg!$A$6:$A$2497,0)+5),"Teljes bekezdés") -> Teljes bekezdés | F15: =HYPERLINK("#'Forrásszöveg'!A"&(MATCH("TV-S1258",Forrásszöveg!$A$6:$A$2497,0)+5),"Mellékletek") -> Mellékletek
A16: H-TV-S0068 | B16: Személyi és tárgyi hatály, minősítés | C16: Tv. 1. § (9) | D16: (9) E törvény sérülékenységvizsgálatra vonatkozó rendelkezéseit kell alkalmazni: a) az (1) bekezdés a)–c) és f) pontja szerinti szervezetek elektronikus információs rendszereit, valamint b) a megállapodásban foglalt eltérésekkel a 61. § szerinti megállapodásban meghatározott elektronikus információs rendszereket érintő sérülékenységvizsgálatokra. | E16: =HYPERLINK("#'Forrásszöveg'!A"&(MATCH("TV-S0068",Forrásszöveg!$A$6:$A$2497,0)+5),"Teljes bekezdés") -> Teljes bekezdés | F16: =HYPERLINK("#'Forrásszöveg'!A"&(MATCH("TV-S1258",Forrásszöveg!$A$6:$A$2497,0)+5),"Mellékletek") -> Mellékletek
A17: H-TV-S0072 | B17: Személyi és tárgyi hatály, minősítés | C17: Tv. 1. § (10) | D17: (10) E törvény kiberbiztonsági incidenskezelésre vonatkozó rendelkezéseit kell alkalmazni: a) az (1) bekezdés szerinti szervezetek, valamint b) az e törvényben meghatározott eltérésekkel az (EU) 2022/2554 európai parlamenti és tanácsi rendelet hatálya alá tartozó szervezetek elektronikus információs rendszereit érintő kiberbiztonsági incidensek kezelésére. | E17: =HYPERLINK("#'Forrásszöveg'!A"&(MATCH("TV-S0072",Forrásszöveg!$A$6:$A$2497,0)+5),"Teljes bekezdés") -> Teljes bekezdés | F17: =HYPERLINK("#'Forrásszöveg'!A"&(MATCH("TV-S1258",Forrásszöveg!$A$6:$A$2497,0)+5),"Mellékletek") -> Mellékletek
A18: H-TV-S0076 | B18: Személyi és tárgyi hatály, minősítés | C18: Tv. 1. § (11) | D18: (11) A (10) bekezdésben meghatározott szervezeteken kívüli szervezetek, illetve személyek által önkéntesen bejelentett kiberbiztonsági incidensek esetén a nemzeti kiberbiztonsági incidenskezelő központ az e törvényben meghatározottak szerint jár el. | E18: =HYPERLINK("#'Forrásszöveg'!A"&(MATCH("TV-S0076",Forrásszöveg!$A$6:$A$2497,0)+5),"Teljes bekezdés") -> Teljes bekezdés | F18: =HYPERLINK("#'Forrásszöveg'!A"&(MATCH("TV-S1258",Forrásszöveg!$A$6:$A$2497,0)+5),"Mellékletek") -> Mellékletek
A19: H-TV-S0077 | B19: Területi alkalmazás | C19: Tv. 2. § (1) | D19: 2. § (1) E törvény rendelkezéseit kell alkalmazni a) a Magyarország területén letelepedett vagy letelepedett képviselővel rendelkező 1. § szerinti szervezetekre, b) a Magyarország területén szolgáltatást nyújtó elektronikus hírközlési szolgáltatókra, c) azokra a DNS-szolgáltatókra, legfelső szintű doménnév-nyilvántartókra, doménnév-nyilvántartási szolgáltatásokat nyújtó szervezetekre, felhőszolgáltatókra, adatközpont-szolgáltatókra, tartalomszolgáltató hálózati szolgáltatókra, kihelyezett (irányított) infokommunikációs szolgáltatást nyújtó szolgáltatókra, kihelyezett (irányított) infokommunikációs biztonsági szolgáltatást nyújtó szolgáltatókra, az online piacterek, online keresőprogramok és közösségimédia-szolgáltatási platformok szolgáltatóira, amelyek üzleti tevékenységének fő helye Magyarország területén található. | E19: =HYPERLINK("#'Forrásszöveg'!A"&(MATCH("TV-S0077",Forrásszöveg!$A$6:$A$2497,0)+5),"Teljes bekezdés") -> Teljes bekezdés | F19: =HYPERLINK("#'Forrásszöveg'!A"&(MATCH("TV-S1258",Forrásszöveg!$A$6:$A$2497,0)+5),"Mellékletek") -> Mellékletek
A20: H-TV-S0081 | B20: Területi alkalmazás | C20: Tv. 2. § (2) | D20: (2) Az (1) bekezdés c) pontja szerinti szervezet üzleti tevékenységének fő helye abban az esetben van Magyarországon, ha a) a kiberbiztonsági kockázatkezelési intézkedésekkel kapcsolatos döntéseket túlnyomórészt Magyarországon hozzák meg, b) a szervezet elektronikus információs rendszereivel kapcsolatos kiberbiztonsági műveleteket Magyarországon végzik, vagy c) a szervezetnek a legmagasabb munkavállalói létszámmal rendelkező telephelye Magyarországon van. | E20: =HYPERLINK("#'Forrásszöveg'!A"&(MATCH("TV-S0081",Forrásszöveg!$A$6:$A$2497,0)+5),"Teljes bekezdés") -> Teljes bekezdés | F20: =HYPERLINK("#'Forrásszöveg'!A"&(MATCH("TV-S1258",Forrásszöveg!$A$6:$A$2497,0)+5),"Mellékletek") -> Mellékletek
A21: H-TV-S0085 | B21: Kivételek és eltérések | C21: Tv. 3. § (1) | D21: 3. § (1) E törvény hatálya nem terjed ki a) a minősített adatot kezelő elektronikus információs rendszerekre, b) a műveleti célú elektronikus információs rendszerekre, c) az atomenergia alkalmazása körében a fizikai védelemről és a kapcsolódó engedélyezési, jelentési és ellenőrzési rendszerről szóló kormányrendelet hatálya alá tartozó programozható rendszerekre, valamint d) a Kormány rendeletében kijelölt szerv által nyújtott kiberbiztonsági szolgáltatásokra. | E21: =HYPERLINK("#'Forrásszöveg'!A"&(MATCH("TV-S0085",Forrásszöveg!$A$6:$A$2497,0)+5),"Teljes bekezdés") -> Teljes bekezdés | F21: =HYPERLINK("#'Forrásszöveg'!A"&(MATCH("TV-S1258",Forrásszöveg!$A$6:$A$2497,0)+5),"Mellékletek") -> Mellékletek
A22: H-TV-S0090 | B22: Kivételek és eltérések | C22: Tv. 3. § (2) | D22: (2) A Kormány rendeletében határozza meg az (1) bekezdés d) pontja szerinti kiberbiztonsági szolgáltatások körét és az igénybevételére kötelezett, illetve jogosult szervezetek körét. | E22: =HYPERLINK("#'Forrásszöveg'!A"&(MATCH("TV-S0090",Forrásszöveg!$A$6:$A$2497,0)+5),"Teljes bekezdés") -> Teljes bekezdés | F22: =HYPERLINK("#'Forrásszöveg'!A"&(MATCH("TV-S1258",Forrásszöveg!$A$6:$A$2497,0)+5),"Mellékletek") -> Mellékletek
A23: H-TV-S0091 | B23: Kivételek és eltérések | C23: Tv. 3. § (3) | D23: (3) E törvény rendelkezéseit a honvédelmi célú elektronikus információs rendszerek vonatkozásában az e törvényben meghatározott eltérésekkel kell alkalmazni. | E23: =HYPERLINK("#'Forrásszöveg'!A"&(MATCH("TV-S0091",Forrásszöveg!$A$6:$A$2497,0)+5),"Teljes bekezdés") -> Teljes bekezdés | F23: =HYPERLINK("#'Forrásszöveg'!A"&(MATCH("TV-S1258",Forrásszöveg!$A$6:$A$2497,0)+5),"Mellékletek") -> Mellékletek
A24: H-TV-S0276 | B24: Különös feltétel / kivétel | C24: Tv. 6. § (10) | D24: (10) Az 1. § (1) bekezdés a) és c) pontja hatálya alá tartozó fontos szervezet, valamint a 2. és 3. melléklet szerinti szervezetnek nem minősülő, 1. § (1) bekezdés b) pontja hatálya alá tartozó szervezet rendelkezésében lévő elektronikus információs rendszerek vonatkozásában a) nem szükséges a (2) bekezdésben foglalt teljes körű kockázatmenedzsment keretrendszert működtetni, b) nem kell teljesíteni a (3) bekezdés 4–5. és 9. pontjában foglaltakat, valamint c) legalább az „alap” biztonsági osztályra irányadó követelményeket kell teljesíteni. | E24: =HYPERLINK("#'Forrásszöveg'!A"&(MATCH("TV-S0276",Forrásszöveg!$A$6:$A$2497,0)+5),"Teljes bekezdés") -> Teljes bekezdés | F24: =HYPERLINK("#'Forrásszöveg'!A"&(MATCH("TV-S1258",Forrásszöveg!$A$6:$A$2497,0)+5),"Mellékletek") -> Mellékletek
A25: H-TV-S0298 | B25: Különös feltétel / kivétel | C25: Tv. 8. § (6) | D25: (6) A (4) és (5) bekezdés alkalmazása szempontjából az e törvény hatálya alá kerülés időpontja a) új szervezet esetében a szervezet létesítésének, b) az 1. § (1) bekezdés b) vagy d) pontja szerinti esetben ba) az e törvény hatálya alá kerülésre okot adó feltétel bekövetkezését követő év első, vagy bb) ha a szervezet a ba) alpont szerinti napot megelőzően benyújtott nyilvántartásba vételi kérelmében ezt kéri, a szervezet nyilvántartásba vételéről szóló döntés véglegessé válásának, c) a hatály alá kerülést eredményező jogállást megalapozó jogi aktus hatálybalépésének napja. | E25: =HYPERLINK("#'Forrásszöveg'!A"&(MATCH("TV-S0298",Forrásszöveg!$A$6:$A$2497,0)+5),"Teljes bekezdés") -> Teljes bekezdés | F25: =HYPERLINK("#'Forrásszöveg'!A"&(MATCH("TV-S1258",Forrásszöveg!$A$6:$A$2497,0)+5),"Mellékletek") -> Mellékletek
A26: H-TV-S0305 | B26: Különös feltétel / kivétel | C26: Tv. 8. § (6a) | D26: (6a) Ha az 1. § (1) bekezdés b) vagy d) pontja szerinti szervezet esetében az e törvény hatálya alá kerülésre okot adó 1. § (1) bekezdés b) pont ba) vagy bb) alpontja, illetve 1. § (1) bekezdés d) pont da) vagy db) alpontja szerinti feltétel megszűnik, az e törvény hatálya alól történő kikerülés időpontja a feltétel megszűnését követő második év vége. | E26: =HYPERLINK("#'Forrásszöveg'!A"&(MATCH("TV-S0305",Forrásszöveg!$A$6:$A$2497,0)+5),"Teljes bekezdés") -> Teljes bekezdés | F26: =HYPERLINK("#'Forrásszöveg'!A"&(MATCH("TV-S1258",Forrásszöveg!$A$6:$A$2497,0)+5),"Mellékletek") -> Mellékletek
A27: H-TV-S0324 | B27: Különös feltétel / kivétel | C27: Tv. 11. § (3) | D27: (3) Az elektronikus információs rendszer biztonságáért felelős személy feladatait csak olyan személy végezheti, aki a) cselekvőképes, büntetlen előéletű és b) az 1. § (1) bekezdés a)–c) és f) pontja szerinti szervezet, a Kszetv. alapján kritikus szervezetként kijelölt szervezet, valamint a Vbö. alapján az ország védelme és biztonsága szempontjából jelentős szervezetként kijelölt szervezet esetében rendelkezik a feladatellátáshoz szükséges, az informatikáért felelős miniszter rendeletében előírt végzettséggel, valamint rendelkezik ba) a 75. § (1) bekezdése szerinti nemzeti koordinációs központ által – az informatikáért felelős miniszter rendeletében foglaltak szerint – közzétett szakképzettséggel, akkreditált nemzetközi képzettséggel (a továbbiakban együtt: szakképzettség), vagy bb) az informatikáért felelős miniszter rendeletében meghatározott szakterületen szerzett szakmai tapasztalattal. | E27: =HYPERLINK("#'Forrásszöveg'!A"&(MATCH("TV-S0324",Forrásszöveg!$A$6:$A$2497,0)+5),"Teljes bekezdés") -> Teljes bekezdés | F27: =HYPERLINK("#'Forrásszöveg'!A"&(MATCH("TV-S1258",Forrásszöveg!$A$6:$A$2497,0)+5),"Mellékletek") -> Mellékletek
A28: H-TV-S0329 | B28: Különös feltétel / kivétel | C28: Tv. 11. § (4) | D28: (4) Elektronikus információs rendszer biztonságáért felelős személyként – az (5) bekezdésben foglalt kivétellel – nem jelölhető ki vagy bízható meg a szervezet gazdasági vezetői feladatait ellátó személy vagy az a személy, aki a szervezeten belül informatikai üzemeltetéssel, informatikai fejlesztéssel kapcsolatos munkakört lát el, illetve ilyen személy közvetlen alárendeltségébe tartozik. | E28: =HYPERLINK("#'Forrásszöveg'!A"&(MATCH("TV-S0329",Forrásszöveg!$A$6:$A$2497,0)+5),"Teljes bekezdés") -> Teljes bekezdés | F28: =HYPERLINK("#'Forrásszöveg'!A"&(MATCH("TV-S1258",Forrásszöveg!$A$6:$A$2497,0)+5),"Mellékletek") -> Mellékletek
A29: H-TV-S0330 | B29: Különös feltétel / kivétel | C29: Tv. 11. § (5) | D29: (5) A (4) bekezdést nem kell alkalmazni a következő szervezetek vonatkozásában: a) az 1. § (1) bekezdés a)–c) pontja szerinti fontos szervezetek, b) az 1. § (1) bekezdés d) és e) pontja szerinti szervezetek. | E29: =HYPERLINK("#'Forrásszöveg'!A"&(MATCH("TV-S0330",Forrásszöveg!$A$6:$A$2497,0)+5),"Teljes bekezdés") -> Teljes bekezdés | F29: =HYPERLINK("#'Forrásszöveg'!A"&(MATCH("TV-S1258",Forrásszöveg!$A$6:$A$2497,0)+5),"Mellékletek") -> Mellékletek
A30: H-TV-S0357 | B30: Különös feltétel / kivétel | C30: Tv. 13. § (1) | D30: 13. § (1) Új elektronikus információs rendszerek fejlesztése, vagy már meglévő elektronikus információs rendszerek továbbfejlesztése (a továbbiakban együtt: fejlesztés) vonatkozásában jelen alcím rendelkezéseit kell alkalmazni az alábbi, alapvető szervezetnek minősülő szervezetek esetében a) az 1. § (1) bekezdés a) és c) pontja szerinti szervezet, valamint b) az 1. § (1) bekezdés b) pontja szerinti és egyben a 2. és 3. melléklet szerinti szervezetnek minősülő szervezet. | E30: =HYPERLINK("#'Forrásszöveg'!A"&(MATCH("TV-S0357",Forrásszöveg!$A$6:$A$2497,0)+5),"Teljes bekezdés") -> Teljes bekezdés | F30: =HYPERLINK("#'Forrásszöveg'!A"&(MATCH("TV-S1258",Forrásszöveg!$A$6:$A$2497,0)+5),"Mellékletek") -> Mellékletek
A31: H-TV-S0372 | B31: Különös feltétel / kivétel | C31: Tv. 13/A. § | D31: 13/A. § A jelen alcím rendelkezéseit az 1. § (1) bekezdés f) pontja szerinti szervezet honvédelmi célú elektronikus információs rendszerei fejlesztésére is alkalmazni kell. | E31: =HYPERLINK("#'Forrásszöveg'!A"&(MATCH("TV-S0372",Forrásszöveg!$A$6:$A$2497,0)+5),"Teljes bekezdés") -> Teljes bekezdés | F31: =HYPERLINK("#'Forrásszöveg'!A"&(MATCH("TV-S1258",Forrásszöveg!$A$6:$A$2497,0)+5),"Mellékletek") -> Mellékletek
A32: H-TV-S0373 | B32: Különös feltétel / kivétel | C32: Tv. 14. § (1) | D32: 14. § (1) Ha az elektronikus információs rendszer fejlesztése a) a 2. vagy 3. melléklet szerinti szervezetnek nem minősülő, az 1. § (1) bekezdés b) pontja szerinti alapvető szervezet vagy b) az 1. § (1) bekezdés a) és c) pontja szerinti fontos szervezet által történik, a 13. §-ban foglaltak helyett e § rendelkezései az irányadóak. | E32: =HYPERLINK("#'Forrásszöveg'!A"&(MATCH("TV-S0373",Forrásszöveg!$A$6:$A$2497,0)+5),"Teljes bekezdés") -> Teljes bekezdés | F32: =HYPERLINK("#'Forrásszöveg'!A"&(MATCH("TV-S1258",Forrásszöveg!$A$6:$A$2497,0)+5),"Mellékletek") -> Mellékletek
A33: H-TV-S0387 | B33: Különös feltétel / kivétel | C33: Tv. 16. § (1) | D33: 16. § (1) Az 1. § (1) bekezdés b) pontja szerinti azon szervezet, amely egyúttal a 2. és 3. melléklet szerinti szervezet is, valamint az 1. § (1) bekezdés d) pontja és – a kis- és középvállalkozásokról, fejlődésük támogatásáról szóló törvény szerinti mikrovállalkozás kivételével – az 1. § (1) bekezdés e) pontja szerinti szervezet az e törvény szerinti kiberbiztonsági követelményeknek való megfelelés bizonyítására köteles kétévente, illetve a 23. § (1) bekezdése szerint illetékes kiberbiztonsági hatóság általi elrendelés esetén kiberbiztonsági auditot végeztetni. | E33: =HYPERLINK("#'Forrásszöveg'!A"&(MATCH("TV-S0387",Forrásszöveg!$A$6:$A$2497,0)+5),"Teljes bekezdés") -> Teljes bekezdés | F33: =HYPERLINK("#'Forrásszöveg'!A"&(MATCH("TV-S1258",Forrásszöveg!$A$6:$A$2497,0)+5),"Mellékletek") -> Mellékletek
A34: H-TV-S0391 | B34: Különös feltétel / kivétel | C34: Tv. 16. § (3) | D34: (3) A honvédelmi célú elektronikus információs rendszerek tekintetében kiberbiztonsági audit nem végezhető. | E34: =HYPERLINK("#'Forrásszöveg'!A"&(MATCH("TV-S0391",Forrásszöveg!$A$6:$A$2497,0)+5),"Teljes bekezdés") -> Teljes bekezdés | F34: =HYPERLINK("#'Forrásszöveg'!A"&(MATCH("TV-S1258",Forrásszöveg!$A$6:$A$2497,0)+5),"Mellékletek") -> Mellékletek
A35: H-TV-S0992 | B35: Különös feltétel / kivétel | C35: Tv. 71. § (1) | D35: 71. § (1) Az (EU) 2022/2554 európai parlamenti és tanácsi rendelet hatálya alá tartozó szervezetek kiberbiztonsági incidenseinek kezelése során a 63–64. §, a 67. §, a 68. § (1) bekezdése, a 69. §, valamint a 70. § (10), (13) és (14) bekezdése szerinti rendelkezések alkalmazandóak. | E35: =HYPERLINK("#'Forrásszöveg'!A"&(MATCH("TV-S0992",Forrásszöveg!$A$6:$A$2497,0)+5),"Teljes bekezdés") -> Teljes bekezdés | F35: =HYPERLINK("#'Forrásszöveg'!A"&(MATCH("TV-S1258",Forrásszöveg!$A$6:$A$2497,0)+5),"Mellékletek") -> Mellékletek
A36: H-TV-S1203 | B36: Különös feltétel / kivétel | C36: Tv. 83. § (1) | D36: 83. § (1) Az állami és önkormányzati szervek elektronikus információbiztonságáról szóló 2013. évi L. törvény (a továbbiakban: Ibtv.) szerinti nyilvántartásban 2024. december 31. napján szereplő – 8. § (4) bekezdés szerinti adatok körébe tartozó – adatokat nem kell ismételten bejelenteni, azokat a nemzeti kiberbiztonsági hatóság a 28. § (1) bekezdése szerinti nyilvántartás részeként kezeli. | E36: =HYPERLINK("#'Forrásszöveg'!A"&(MATCH("TV-S1203",Forrásszöveg!$A$6:$A$2497,0)+5),"Teljes bekezdés") -> Teljes bekezdés | F36: =HYPERLINK("#'Forrásszöveg'!A"&(MATCH("TV-S1258",Forrásszöveg!$A$6:$A$2497,0)+5),"Mellékletek") -> Mellékletek
A37: H-TV-S1207 | B37: Különös feltétel / kivétel | C37: Tv. 83. § (3) | D37: (3) Ha az 1. § (1) bekezdés a) és b) pontja szerinti szervezet az elektronikus információs rendszer biztonságáért felelős személy adatait az Ibtv. alapján már bejelentette a nemzeti kiberbiztonsági hatóság részére, úgy annak ismételt bejelentésére nem köteles. | E37: =HYPERLINK("#'Forrásszöveg'!A"&(MATCH("TV-S1207",Forrásszöveg!$A$6:$A$2497,0)+5),"Teljes bekezdés") -> Teljes bekezdés | F37: =HYPERLINK("#'Forrásszöveg'!A"&(MATCH("TV-S1258",Forrásszöveg!$A$6:$A$2497,0)+5),"Mellékletek") -> Mellékletek
A38: H-TV-S1226 | B38: Különös feltétel / kivétel | C38: Tv. 89. § (3) | D38: (3) Az a gazdálkodó szervezet, amely a kiberbiztonsági tanúsításról és a kiberbiztonsági felügyeletről szóló 2023. évi XXIII. törvény 26. § (1) bekezdése szerint vezetett nyilvántartásban érintett szervezetként szerepel, és 2024. december 31. napjáig a kiberbiztonsági tanúsításról és a kiberbiztonsági felügyeletről szóló 2023. évi XXIII. törvény 20. § (1) bekezdése szerint az elektronikus információs rendszereinek, valamint az azon tárolt, továbbított vagy feldolgozott adatoknak a biztonsági osztályba sorolását elvégezte, nem köteles a 10. § (1) bekezdése alapján ismételten elvégezni a biztonsági osztályba sorolást. | E38: =HYPERLINK("#'Forrásszöveg'!A"&(MATCH("TV-S1226",Forrásszöveg!$A$6:$A$2497,0)+5),"Teljes bekezdés") -> Teljes bekezdés | F38: =HYPERLINK("#'Forrásszöveg'!A"&(MATCH("TV-S1258",Forrásszöveg!$A$6:$A$2497,0)+5),"Mellékletek") -> Mellékletek
A39: H-VHR-S0032 | B39: Vhr. alkalmazási köre | C39: Vhr. 1. § (1) | D39: 1. § (1) E rendeletnek a szervezetek kötelezettségeire és a kiberbiztonság hatósági felügyeletére vonatkozó rendelkezéseit – a (2) bekezdésben foglalt kivétellel – a Magyarország kiberbiztonságáról szóló 2024. évi LXIX. törvény (a továbbiakban: Kiberbiztonsági tv.) 1. § (1) bekezdés a)–c) és f) pontja, valamint 1. § (2a) bekezdése szerinti szervezetekre kell alkalmazni. | E39: =HYPERLINK("#'Forrásszöveg'!A"&(MATCH("VHR-S0032",Forrásszöveg!$A$6:$A$2497,0)+5),"Teljes bekezdés") -> Teljes bekezdés | F39: =HYPERLINK("#'Forrásszöveg'!A"&(MATCH("VHR-S1069",Forrásszöveg!$A$6:$A$2497,0)+5),"Mellékletek") -> Mellékletek
A40: H-VHR-S0033 | B40: Vhr. alkalmazási köre | C40: Vhr. 1. § (2) | D40: (2) E rendeletnek az elektronikus információs rendszer biztonságáért felelős személyre vonatkozó rendelkezéseit az alábbi szervezetekre kell alkalmazni: a) a Kiberbiztonsági tv. 1. § (1) bekezdés a)–c) és f) pontja, valamint 1. § (2a) bekezdése szerinti szervezetekre, b) a Kiberbiztonsági tv. 1. § (1) bekezdés d) és e) pontja szerinti azon szervezetekre, amelyek a kritikus szervezetek ellenálló képességéről szóló 2024. évi LXXXIV. törvény (a továbbiakban: Kszetv.) alapján kritikus szervezetként vannak kijelölve, vagy a Kszetv. alapján kritikus infrastruktúraként kijelölt infrastruktúrát üzemeltetnek (a továbbiakban együtt: kritikus szervezet), valamint c) a Kiberbiztonsági tv. 1. § (1) bekezdés d) és e) pontja szerinti azon szervezetekre, amelyek a védelmi és biztonsági tevékenységek összehangolásáról szóló 2021. évi XCIII. törvény (a továbbiakban: Vbö.) alapján az ország védelme és biztonsága szempontjából jelentős szervezetként kerültek kijelölésre vagy a Vbö. alapján az ország védelme és biztonsága szempontjából jelentős infrastruk … [a teljes bekezdés a Forrás hivatkozáson] | E40: =HYPERLINK("#'Forrásszöveg'!A"&(MATCH("VHR-S0033",Forrásszöveg!$A$6:$A$2497,0)+5),"Teljes bekezdés") -> Teljes bekezdés | F40: =HYPERLINK("#'Forrásszöveg'!A"&(MATCH("VHR-S1069",Forrásszöveg!$A$6:$A$2497,0)+5),"Mellékletek") -> Mellékletek
A41: H-VHR-S0037 | B41: Vhr. alkalmazási köre | C41: Vhr. 1. § (3) | D41: (3) E rendeletnek a kiberbiztonsági gyakorlatokra, valamint a kiberbiztonsági bírságokra vonatkozó rendelkezéseit a Kiberbiztonsági tv. 1. § (1) bekezdése szerinti szervezetekre kell alkalmazni. | E41: =HYPERLINK("#'Forrásszöveg'!A"&(MATCH("VHR-S0037",Forrásszöveg!$A$6:$A$2497,0)+5),"Teljes bekezdés") -> Teljes bekezdés | F41: =HYPERLINK("#'Forrásszöveg'!A"&(MATCH("VHR-S1069",Forrásszöveg!$A$6:$A$2497,0)+5),"Mellékletek") -> Mellékletek
A42: H-VHR-S0038 | B42: Vhr. alkalmazási köre | C42: Vhr. 1. § (4) | D42: (4) E rendelet kiberbiztonsági tanúsításra vonatkozó rendelkezéseit az információs és kommunikációs technológiai (a továbbiakban: IKT) termékek, IKT-szolgáltatások vagy IKT-folyamatok (a továbbiakban együtt: IKT-termék) tanúsításával kapcsolatos tevékenység vonatkozásában kell alkalmazni. | E42: =HYPERLINK("#'Forrásszöveg'!A"&(MATCH("VHR-S0038",Forrásszöveg!$A$6:$A$2497,0)+5),"Teljes bekezdés") -> Teljes bekezdés | F42: =HYPERLINK("#'Forrásszöveg'!A"&(MATCH("VHR-S1069",Forrásszöveg!$A$6:$A$2497,0)+5),"Mellékletek") -> Mellékletek
A43: H-VHR-S0039 | B43: Vhr. alkalmazási köre | C43: Vhr. 1. § (5) | D43: (5) E rendelet sérülékenységvizsgálatra vonatkozó rendelkezései a) a Kiberbiztonsági tv. 1. § (1) bekezdés a)–c) és f) pontja, valamint 1. § (2a) bekezdése szerinti szervezetek elektronikus információs rendszereit, valamint b) a megállapodásban foglalt eltérésekkel a Kiberbiztonsági tv. 61. §-a szerinti megállapodásban meghatározott elektronikus információs rendszereket érintő sérülékenységvizsgálatokra alkalmazandóak. | E43: =HYPERLINK("#'Forrásszöveg'!A"&(MATCH("VHR-S0039",Forrásszöveg!$A$6:$A$2497,0)+5),"Teljes bekezdés") -> Teljes bekezdés | F43: =HYPERLINK("#'Forrásszöveg'!A"&(MATCH("VHR-S1069",Forrásszöveg!$A$6:$A$2497,0)+5),"Mellékletek") -> Mellékletek
A44: H-VHR-S0043 | B44: Vhr. alkalmazási köre | C44: Vhr. 1. § (6) | D44: (6) E rendelet kiberbiztonsági incidenskezelésre, valamint a kiberbiztonsági válsághelyzet kezelésére vonatkozó rendelkezéseit a) a Kiberbiztonsági tv. 1. § (1) bekezdése szerinti szervezetek, valamint b) az e rendeletben meghatározott eltérésekkel az (EU) 2022/2554 európai parlamenti és tanácsi rendelet hatálya alá tartozó szervezetek elektronikus információs rendszereit érintő kiberbiztonsági incidensek kezelésére kell alkalmazni. | E44: =HYPERLINK("#'Forrásszöveg'!A"&(MATCH("VHR-S0043",Forrásszöveg!$A$6:$A$2497,0)+5),"Teljes bekezdés") -> Teljes bekezdés | F44: =HYPERLINK("#'Forrásszöveg'!A"&(MATCH("VHR-S1069",Forrásszöveg!$A$6:$A$2497,0)+5),"Mellékletek") -> Mellékletek
A45: H-VHR-S0047 | B45: Vhr. alkalmazási köre | C45: Vhr. 1. § (7) | D45: (7) E rendelet sebezhetőségek kezelésére vonatkozó rendelkezései a) a Kiberbiztonsági tv. 1. § (1) bekezdése szerinti szervezetek elektronikus információs rendszerei kapcsán felfedezett sérülékenységek, valamint b) az IKT-termék kapcsán felfedezett sebezhetőségek kezelésére, bejelentésére alkalmazandóak. | E45: =HYPERLINK("#'Forrásszöveg'!A"&(MATCH("VHR-S0047",Forrásszöveg!$A$6:$A$2497,0)+5),"Teljes bekezdés") -> Teljes bekezdés | F45: =HYPERLINK("#'Forrásszöveg'!A"&(MATCH("VHR-S1069",Forrásszöveg!$A$6:$A$2497,0)+5),"Mellékletek") -> Mellékletek
A46: H-VHR-S0191 | B46: Különös feltétel / kivétel | C46: Vhr. 16. § (3) | D46: (3) A honvédelmi kiberbiztonsági hatóság tevékenységére – a 17. § (1) bekezdés e) pontjában, a 18. § e) pontjában, a 25. §-ban, a 30. § (6) bekezdésében, a 39. § (3) és (4) bekezdésében foglaltak kivételével – a nemzeti kiberbiztonsági hatóságra vonatkozó rendelkezéseket kell alkalmazni. | E46: =HYPERLINK("#'Forrásszöveg'!A"&(MATCH("VHR-S0191",Forrásszöveg!$A$6:$A$2497,0)+5),"Teljes bekezdés") -> Teljes bekezdés | F46: =HYPERLINK("#'Forrásszöveg'!A"&(MATCH("VHR-S1069",Forrásszöveg!$A$6:$A$2497,0)+5),"Mellékletek") -> Mellékletek
A47: H-VHR-S0791 | B47: Különös feltétel / kivétel | C47: Vhr. 77. § (2) | D47: (2) Kiberfenyegetés, kiberbiztonsági incidensközeli helyzet és üzemeltetési kiberbiztonsági incidens bejelentése során az (1) bekezdés rendelkezései a Központ által meghatározott módon alkalmazandók, ha azok az adott esemény kapcsán értelmezhetők. | E47: =HYPERLINK("#'Forrásszöveg'!A"&(MATCH("VHR-S0791",Forrásszöveg!$A$6:$A$2497,0)+5),"Teljes bekezdés") -> Teljes bekezdés | F47: =HYPERLINK("#'Forrásszöveg'!A"&(MATCH("VHR-S1069",Forrásszöveg!$A$6:$A$2497,0)+5),"Mellékletek") -> Mellékletek
A48: H-VHR-S0792 | B48: Különös feltétel / kivétel | C48: Vhr. 77. § (3) | D48: (3) A szervezetnek nem kell bejelentenie azt a kiberbiztonsági incidensközeli helyzetet és üzemeltetési kiberbiztonsági incidenst, amely az incidenskezelési folyamatba kerülés során, automatizmus által kezelésre, elhárításra került és nem járt a szolgáltatás degradációjával. Az ismétlődő kiberbiztonsági incidensközeli helyzetet és üzemeltetési kiberbiztonsági incidenst a szervezet ez esetben is bejelenti. | E48: =HYPERLINK("#'Forrásszöveg'!A"&(MATCH("VHR-S0792",Forrásszöveg!$A$6:$A$2497,0)+5),"Teljes bekezdés") -> Teljes bekezdés | F48: =HYPERLINK("#'Forrásszöveg'!A"&(MATCH("VHR-S1069",Forrásszöveg!$A$6:$A$2497,0)+5),"Mellékletek") -> Mellékletek
A49: H-VHR-S0793 | B49: Különös feltétel / kivétel | C49: Vhr. 77. § (4) | D49: (4) Az (1) bekezdés 3. pontjától eltérően a bizalmi szolgáltató indokolatlan késedelem nélkül és minden esetben az incidensről való tudomásszerzést követő 24 órán belül értesíti a Központot a bizalmi szolgáltatásai nyújtására hatást gyakorló kiberbiztonsági incidensekről. | E49: =HYPERLINK("#'Forrásszöveg'!A"&(MATCH("VHR-S0793",Forrásszöveg!$A$6:$A$2497,0)+5),"Teljes bekezdés") -> Teljes bekezdés | F49: =HYPERLINK("#'Forrásszöveg'!A"&(MATCH("VHR-S1069",Forrásszöveg!$A$6:$A$2497,0)+5),"Mellékletek") -> Mellékletek

Sheet Feladatok
A2: Feladatok és kötelezettségek | H2: =HYPERLINK("#'Áttekintő'!A1","Áttekintő") -> Áttekintő
A3: Első tételes kivonat, nem teljes körű. Szűrés: érintett vagy téma; a jogalapra kattintva a pontos szöveg nyílik meg.
A5: Azonosító | B5: Érintett | C5: Feladat röviden | D5: Feltétel / kivétel | E5: Időzítés | F5: Jogalap | G5: Téma | H5: Teljes §
A6: F-TV-0241 | B6: Szervezet vezetője | C6: Kockázatmenedzsment keretrendszer létrehozása és működtetése | D6: Figyelembe veendő a Tv. 6. § (10) szerinti eltérés. | E6: A tétel jogalapjában nincs külön időpont kiemelve. | F6: =HYPERLINK("#'Forrásszöveg'!A"&(MATCH("TV-S0241",Forrásszöveg!$A$6:$A$2497,0)+5),"Tv. 6. § (2)") -> Tv. 6. § (2) | G6: Az alapvető és fontos szervezetek általános kötelezettségei | H6: =HYPERLINK("#'Forrásszöveg'!A"&(MATCH("TV-S0240",Forrásszöveg!$A$6:$A$2497,0)+5),"6. § eleje") -> 6. § eleje
A7: F-TV-0243 | B7: Szervezet vezetője | C7: Használt rendszerek és központi szolgáltatások felmérése, nyilvántartása | D7: A Tv. 6. § (3) 1. pont a)–d) alpontja szerinti bontásban. | E7: A tétel jogalapjában nincs külön időpont kiemelve. | F7: =HYPERLINK("#'Forrásszöveg'!A"&(MATCH("TV-S0243",Forrásszöveg!$A$6:$A$2497,0)+5),"Tv. 6. § (3) 1.") -> Tv. 6. § (3) 1. | G7: Az alapvető és fontos szervezetek általános kötelezettségei | H7: =HYPERLINK("#'Forrásszöveg'!A"&(MATCH("TV-S0240",Forrásszöveg!$A$6:$A$2497,0)+5),"6. § eleje") -> 6. § eleje
A8: F-TV-0248 | B8: Szervezet vezetője | C8: Szerepkörök, felelősök és hatáskörök meghatározása; felelős személy kinevezése vagy megbízása | D8: A Tv. 6. § (3) szerinti feltételekkel; a 6. § (10) eltérései külön vizsgálandók. | E8: A tétel jogalapjában nincs külön időpont kiemelve. | F8: =HYPERLINK("#'Forrásszöveg'!A"&(MATCH("TV-S0248",Forrásszöveg!$A$6:$A$2497,0)+5),"Tv. 6. § (3) 2.") -> Tv. 6. § (3) 2. | G8: Az alapvető és fontos szervezetek általános kötelezettségei | H8: =HYPERLINK("#'Forrásszöveg'!A"&(MATCH("TV-S0240",Forrásszöveg!$A$6:$A$2497,0)+5),"6. § eleje") -> 6. § eleje
A9: F-TV-0249 | B9: Szervezet vezetője | C9: Adatok felméréséről és osztályozásáról gondoskodás | D9: A Tv. 1. melléklete szerinti szervezet; a 6. § (3) 1. a) szerinti EIR adatai. | E9: A tétel jogalapjában nincs külön időpont kiemelve. | F9: =HYPERLINK("#'Forrásszöveg'!A"&(MATCH("TV-S0249",Forrásszöveg!$A$6:$A$2497,0)+5),"Tv. 6. § (3) 3.") -> Tv. 6. § (3) 3. | G9: Az alapvető és fontos szervezetek általános kötelezettségei | H9: =HYPERLINK("#'Forrásszöveg'!A"&(MATCH("TV-S0240",Forrásszöveg!$A$6:$A$2497,0)+5),"6. § eleje") -> 6. § eleje
A10: F-TV-0250 | B10: Szervezet vezetője | C10: Hatáselemzés és kockázatmenedzsment végzése | D10: A Tv. 6. § (3) szerinti feltételekkel; a 6. § (10) eltérései külön vizsgálandók. | E10: A tétel jogalapjában nincs külön időpont kiemelve. | F10: =HYPERLINK("#'Forrásszöveg'!A"&(MATCH("TV-S0250",Forrásszöveg!$A$6:$A$2497,0)+5),"Tv. 6. § (3) 4.") -> Tv. 6. § (3) 4. | G10: Az alapvető és fontos szervezetek általános kötelezettségei | H10: =HYPERLINK("#'Forrásszöveg'!A"&(MATCH("TV-S0240",Forrásszöveg!$A$6:$A$2497,0)+5),"6. § eleje") -> 6. § eleje
A11: F-TV-0251 | B11: Szervezet vezetője | C11: Elektronikus információs rendszerek biztonsági osztályba sorolása | D11: A Tv. 6. § (3) szerinti feltételekkel; a 6. § (10) eltérései külön vizsgálandók. | E11: A tétel jogalapjában nincs külön időpont kiemelve. | F11: =HYPERLINK("#'Forrásszöveg'!A"&(MATCH("TV-S0251",Forrásszöveg!$A$6:$A$2497,0)+5),"Tv. 6. § (3) 5.") -> Tv. 6. § (3) 5. | G11: Az alapvető és fontos szervezetek általános kötelezettségei | H11: =HYPERLINK("#'Forrásszöveg'!A"&(MATCH("TV-S0240",Forrásszöveg!$A$6:$A$2497,0)+5),"6. § eleje") -> 6. § eleje
A12: F-TV-0252 | B12: Szervezet vezetője | C12: Kockázatarányos védelmi intézkedések meghatározása | D12: A Tv. 6. § (3) szerinti feltételekkel; a 6. § (10) eltérései külön vizsgálandók. | E12: A tétel jogalapjában nincs külön időpont kiemelve. | F12: =HYPERLINK("#'Forrásszöveg'!A"&(MATCH("TV-S0252",Forrásszöveg!$A$6:$A$2497,0)+5),"Tv. 6. § (3) 6.") -> Tv. 6. § (3) 6. | G12: Az alapvető és fontos szervezetek általános kötelezettségei | H12: =HYPERLINK("#'Forrásszöveg'!A"&(MATCH("TV-S0240",Forrásszöveg!$A$6:$A$2497,0)+5),"6. § eleje") -> 6. § eleje
A13: F-TV-0253 | B13: Szervezet vezetője | C13: Információbiztonsági szabályzat kiadása és felülvizsgálata | D13: A Tv. 6. § (3) szerinti feltételekkel; a 6. § (10) eltérései külön vizsgálandók. | E13: Legalább kétévente, vagy jogszabályban meghatározott esetben. | F13: =HYPERLINK("#'Forrásszöveg'!A"&(MATCH("TV-S0253",Forrásszöveg!$A$6:$A$2497,0)+5),"Tv. 6. § (3) 7.") -> Tv. 6. § (3) 7. | G13: Az alapvető és fontos szervezetek általános kötelezettségei | H13: =HYPERLINK("#'Forrásszöveg'!A"&(MATCH("TV-S0240",Forrásszöveg!$A$6:$A$2497,0)+5),"6. § eleje") -> 6. § eleje
A14: F-TV-0254 | B14: Szervezet vezetője | C14: Védelmi intézkedések teljesülésének biztosítása | D14: A Tv. 6. § (3) szerinti feltételekkel; a 6. § (10) eltérései külön vizsgálandók. | E14: A tétel jogalapjában nincs külön időpont kiemelve. | F14: =HYPERLINK("#'Forrásszöveg'!A"&(MATCH("TV-S0254",Forrásszöveg!$A$6:$A$2497,0)+5),"Tv. 6. § (3) 8.") -> Tv. 6. § (3) 8. | G14: Az alapvető és fontos szervezetek általános kötelezettségei | H14: =HYPERLINK("#'Forrásszöveg'!A"&(MATCH("TV-S0240",Forrásszöveg!$A$6:$A$2497,0)+5),"6. § eleje") -> 6. § eleje
A15: F-TV-0255 | B15: Szervezet vezetője | C15: Védelmi intézkedések értékelése az első besoroláskor | D15: A Tv. 6. § (3) szerinti feltételekkel; a 6. § (10) eltérései külön vizsgálandók. | E15: A tétel jogalapjában nincs külön időpont kiemelve. | F15: =HYPERLINK("#'Forrásszöveg'!A"&(MATCH("TV-S0255",Forrásszöveg!$A$6:$A$2497,0)+5),"Tv. 6. § (3) 9.") -> Tv. 6. § (3) 9. | G15: Az alapvető és fontos szervezetek általános kötelezettségei | H15: =HYPERLINK("#'Forrásszöveg'!A"&(MATCH("TV-S0240",Forrásszöveg!$A$6:$A$2497,0)+5),"6. § eleje") -> 6. § eleje
A16: F-TV-0256 | B16: Szervezet vezetője | C16: Védelmi intézkedések rendszeres értékelése | D16: A Tv. 6. § (3) szerinti feltételekkel; a 6. § (10) eltérései külön vizsgálandók. | E16: A tétel jogalapjában nincs külön időpont kiemelve. | F16: =HYPERLINK("#'Forrásszöveg'!A"&(MATCH("TV-S0256",Forrásszöveg!$A$6:$A$2497,0)+5),"Tv. 6. § (3) 10.") -> Tv. 6. § (3) 10. | G16: Az alapvető és fontos szervezetek általános kötelezettségei | H16: =HYPERLINK("#'Forrásszöveg'!A"&(MATCH("TV-S0240",Forrásszöveg!$A$6:$A$2497,0)+5),"6. § eleje") -> 6. § eleje
A17: F-TV-0257 | B17: Szervezet vezetője | C17: Feltárt hiányosságok orvoslása | D17: A Tv. 6. § (3) szerinti feltételekkel; a 6. § (10) eltérései külön vizsgálandók. | E17: A tétel jogalapjában nincs külön időpont kiemelve. | F17: =HYPERLINK("#'Forrásszöveg'!A"&(MATCH("TV-S0257",Forrásszöveg!$A$6:$A$2497,0)+5),"Tv. 6. § (3) 11.") -> Tv. 6. § (3) 11. | G17: Az alapvető és fontos szervezetek általános kötelezettségei | H17: =HYPERLINK("#'Forrásszöveg'!A"&(MATCH("TV-S0240",Forrásszöveg!$A$6:$A$2497,0)+5),"6. § eleje") -> 6. § eleje
A18: F-TV-0258 | B18: Szervezet vezetője | C18: Döntés a használatbavételről vagy a használat folytatásáról | D18: A Tv. 6. § (3) szerinti feltételekkel; a 6. § (10) eltérései külön vizsgálandók. | E18: A tétel jogalapjában nincs külön időpont kiemelve. | F18: =HYPERLINK("#'Forrásszöveg'!A"&(MATCH("TV-S0258",Forrásszöveg!$A$6:$A$2497,0)+5),"Tv. 6. § (3) 12.") -> Tv. 6. § (3) 12. | G18: Az alapvető és fontos szervezetek általános kötelezettségei | H18: =HYPERLINK("#'Forrásszöveg'!A"&(MATCH("TV-S0240",Forrásszöveg!$A$6:$A$2497,0)+5),"6. § eleje") -> 6. § eleje
A19: F-TV-0259 | B19: Szervezet vezetője | C19: Hatósági kötelezések teljesítése | D19: A Tv. 6. § (3) szerinti feltételekkel; a 6. § (10) eltérései külön vizsgálandók. | E19: A tétel jogalapjában nincs külön időpont kiemelve. | F19: =HYPERLINK("#'Forrásszöveg'!A"&(MATCH("TV-S0259",Forrásszöveg!$A$6:$A$2497,0)+5),"Tv. 6. § (3) 13.") -> Tv. 6. § (3) 13. | G19: Az alapvető és fontos szervezetek általános kötelezettségei | H19: =HYPERLINK("#'Forrásszöveg'!A"&(MATCH("TV-S0240",Forrásszöveg!$A$6:$A$2497,0)+5),"6. § eleje") -> 6. § eleje
A20: F-TV-0260 | B20: Szervezet vezetője | C20: A 6. § (3) 10. pont szerinti értékelések végrehajtása | D20: Az IBSZ felülvizsgálatával, és ha kötelező, a besorolás felülvizsgálatával együtt. | E20: Legalább kétévente. | F20: =HYPERLINK("#'Forrásszöveg'!A"&(MATCH("TV-S0260",Forrásszöveg!$A$6:$A$2497,0)+5),"Tv. 6. § (4)") -> Tv. 6. § (4) | G20: Az alapvető és fontos szervezetek általános kötelezettségei | H20: =HYPERLINK("#'Forrásszöveg'!A"&(MATCH("TV-S0240",Forrásszöveg!$A$6:$A$2497,0)+5),"6. § eleje") -> 6. § eleje
A21: F-TV-0262 | B21: Szervezet vezetője | C21: Védelmi feladatok oktatása és kiberbiztonsági képzés, továbbképzés biztosítása | D21: A hivatkozott rendelkezés és az alkalmazandó hatályszabályok szerint. | E21: A tétel jogalapjában nincs külön időpont kiemelve. | F21: =HYPERLINK("#'Forrásszöveg'!A"&(MATCH("TV-S0262",Forrásszöveg!$A$6:$A$2497,0)+5),"Tv. 6. § (5) a)") -> Tv. 6. § (5) a) | G21: Az alapvető és fontos szervezetek általános kötelezettségei | H21: =HYPERLINK("#'Forrásszöveg'!A"&(MATCH("TV-S0240",Forrásszöveg!$A$6:$A$2497,0)+5),"6. § eleje") -> 6. § eleje
A22: F-TV-0263 | B22: Szervezet vezetője | C22: Kötelező gyakorlaton részvétel vagy önálló gyakorlat megtartásának biztosítása | D22: A hivatkozott rendelkezés és az alkalmazandó hatályszabályok szerint. | E22: A tétel jogalapjában nincs külön időpont kiemelve. | F22: =HYPERLINK("#'Forrásszöveg'!A"&(MATCH("TV-S0263",Forrásszöveg!$A$6:$A$2497,0)+5),"Tv. 6. § (5) b)") -> Tv. 6. § (5) b) | G22: Az alapvető és fontos szervezetek általános kötelezettségei | H22: =HYPERLINK("#'Forrásszöveg'!A"&(MATCH("TV-S0240",Forrásszöveg!$A$6:$A$2497,0)+5),"6. § eleje") -> 6. § eleje
A23: F-TV-0264 | B23: Szervezet vezetője | C23: Elektronikus információs rendszer eseményei nyomonkövethetőségének biztosítása | D23: A hivatkozott rendelkezés és az alkalmazandó hatályszabályok szerint. | E23: A tétel jogalapjában nincs külön időpont kiemelve. | F23: =HYPERLINK("#'Forrásszöveg'!A"&(MATCH("TV-S0264",Forrásszöveg!$A$6:$A$2497,0)+5),"Tv. 6. § (5) c)") -> Tv. 6. § (5) c) | G23: Az alapvető és fontos szervezetek általános kötelezettségei | H23: =HYPERLINK("#'Forrásszöveg'!A"&(MATCH("TV-S0240",Forrásszöveg!$A$6:$A$2497,0)+5),"6. § eleje") -> 6. § eleje
A24: F-TV-0265 | B24: Szervezet vezetője | C24: Közreműködőre vonatkozó kiberbiztonsági követelmények szerződéses előírása | D24: A hivatkozott rendelkezés és az alkalmazandó hatályszabályok szerint. | E24: A tétel jogalapjában nincs külön időpont kiemelve. | F24: =HYPERLINK("#'Forrásszöveg'!A"&(MATCH("TV-S0265",Forrásszöveg!$A$6:$A$2497,0)+5),"Tv. 6. § (5) d)") -> Tv. 6. § (5) d) | G24: Az alapvető és fontos szervezetek általános kötelezettségei | H24: =HYPERLINK("#'Forrásszöveg'!A"&(MATCH("TV-S0240",Forrásszöveg!$A$6:$A$2497,0)+5),"6. § eleje") -> 6. § eleje
A25: F-TV-0266 | B25: Szervezet vezetője | C25: Reagálás, incidensbejelentés, kezelés és helyreállítás biztosítása | D25: A hivatkozott rendelkezés és az alkalmazandó hatályszabályok szerint. | E25: A tétel jogalapjában nincs külön időpont kiemelve. | F25: =HYPERLINK("#'Forrásszöveg'!A"&(MATCH("TV-S0266",Forrásszöveg!$A$6:$A$2497,0)+5),"Tv. 6. § (5) e)") -> Tv. 6. § (5) e) | G25: Az alapvető és fontos szervezetek általános kötelezettségei | H25: =HYPERLINK("#'Forrásszöveg'!A"&(MATCH("TV-S0240",Forrásszöveg!$A$6:$A$2497,0)+5),"6. § eleje") -> 6. § eleje
A26: F-TV-0267 | B26: Szervezet vezetője | C26: Érintettek haladéktalan tájékoztatása incidensekről és fenyegetésekről | D26: A hivatkozott rendelkezés és az alkalmazandó hatályszabályok szerint. | E26: Haladéktalanul. | F26: =HYPERLINK("#'Forrásszöveg'!A"&(MATCH("TV-S0267",Forrásszöveg!$A$6:$A$2497,0)+5),"Tv. 6. § (5) f)") -> Tv. 6. § (5) f) | G26: Az alapvető és fontos szervezetek általános kötelezettségei | H26: =HYPERLINK("#'Forrásszöveg'!A"&(MATCH("TV-S0240",Forrásszöveg!$A$6:$A$2497,0)+5),"6. § eleje") -> 6. § eleje
A27: F-TV-0268 | B27: Szervezet vezetője | C27: Hatósági és incidenskezelő központi ajánlások figyelembevétele | D27: A hivatkozott rendelkezés és az alkalmazandó hatályszabályok szerint. | E27: A tétel jogalapjában nincs külön időpont kiemelve. | F27: =HYPERLINK("#'Forrásszöveg'!A"&(MATCH("TV-S0268",Forrásszöveg!$A$6:$A$2497,0)+5),"Tv. 6. § (5) g)") -> Tv. 6. § (5) g) | G27: Az alapvető és fontos szervezetek általános kötelezettségei | H27: =HYPERLINK("#'Forrásszöveg'!A"&(MATCH("TV-S0240",Forrásszöveg!$A$6:$A$2497,0)+5),"6. § eleje") -> 6. § eleje
A28: F-TV-0269 | B28: Szervezet vezetője | C28: Törekvés a feladatok lehető legrövidebb időn belüli végrehajtására | D28: A hivatkozott rendelkezés és az alkalmazandó hatályszabályok szerint. | E28: A tétel jogalapjában nincs külön időpont kiemelve. | F28: =HYPERLINK("#'Forrásszöveg'!A"&(MATCH("TV-S0269",Forrásszöveg!$A$6:$A$2497,0)+5),"Tv. 6. § (5) h)") -> Tv. 6. § (5) h) | G28: Az alapvető és fontos szervezetek általános kötelezettségei | H28: =HYPERLINK("#'Forrásszöveg'!A"&(MATCH("TV-S0240",Forrásszöveg!$A$6:$A$2497,0)+5),"6. § eleje") -> 6. § eleje
A29: F-TV-0270 | B29: Szervezet vezetője | C29: Kiberbiztonsági fejlesztési ráfordítás biztosítása | D29: A Tv. 1. § (1) a)–c) pontja szerinti szervezet. | E29: A tárgyév során; az informatikai fejlesztési költségek legalább 5%-ának megfelelő összeg. | F29: =HYPERLINK("#'Forrásszöveg'!A"&(MATCH("TV-S0270",Forrásszöveg!$A$6:$A$2497,0)+5),"Tv. 6. § (5) i)") -> Tv. 6. § (5) i) | G29: Az alapvető és fontos szervezetek általános kötelezettségei | H29: =HYPERLINK("#'Forrásszöveg'!A"&(MATCH("TV-S0240",Forrásszöveg!$A$6:$A$2497,0)+5),"6. § eleje") -> 6. § eleje
A30: F-TV-0271 | B30: Szervezet vezetője | C30: További szükséges védelmi intézkedések megtétele | D30: A hivatkozott rendelkezés és az alkalmazandó hatályszabályok szerint. | E30: A tétel jogalapjában nincs külön időpont kiemelve. | F30: =HYPERLINK("#'Forrásszöveg'!A"&(MATCH("TV-S0271",Forrásszöveg!$A$6:$A$2497,0)+5),"Tv. 6. § (5) j)") -> Tv. 6. § (5) j) | G30: Az alapvető és fontos szervezetek általános kötelezettségei | H30: =HYPERLINK("#'Forrásszöveg'!A"&(MATCH("TV-S0240",Forrásszöveg!$A$6:$A$2497,0)+5),"6. § eleje") -> 6. § eleje
A31: F-TV-0275 | B31: Szervezet | C31: Előírt tanúsított IKT-termék, szolgáltatás vagy folyamat használata | D31: A hivatkozott miniszteri vagy SZTFH-rendeletben meghatározott szervezetek és termékek. Külső részletszabály nincs kibontva. | E31: A tétel jogalapjában nincs külön időpont kiemelve. | F31: =HYPERLINK("#'Forrásszöveg'!A"&(MATCH("TV-S0275",Forrásszöveg!$A$6:$A$2497,0)+5),"Tv. 6. § (9)") -> Tv. 6. § (9) | G31: Az alapvető és fontos szervezetek általános kötelezettségei | H31: =HYPERLINK("#'Forrásszöveg'!A"&(MATCH("TV-S0240",Forrásszöveg!$A$6:$A$2497,0)+5),"6. § eleje") -> 6. § eleje
A32: F-TV-0279 | B32: Szervezet | C32: Legalább az alap biztonsági osztály követelményeinek teljesítése | D32: Kizárólag a Tv. 6. § (10) bevezető részében megjelölt szervezetek és rendszerek. | E32: A tétel jogalapjában nincs külön időpont kiemelve. | F32: =HYPERLINK("#'Forrásszöveg'!A"&(MATCH("TV-S0279",Forrásszöveg!$A$6:$A$2497,0)+5),"Tv. 6. § (10) c)") -> Tv. 6. § (10) c) | G32: Az alapvető és fontos szervezetek általános kötelezettségei | H32: =HYPERLINK("#'Forrásszöveg'!A"&(MATCH("TV-S0240",Forrásszöveg!$A$6:$A$2497,0)+5),"6. § eleje") -> 6. § eleje
A33: F-TV-0280 | B33: Szervezet | C33: Honvédelmi rendszerhez kapcsolódó bejelentések és kötelezettségek teljesítése | D33: Honvédelmi célú EIR; címzett a honvédelmi kiberbiztonsági hatóság. | E33: A tétel jogalapjában nincs külön időpont kiemelve. | F33: =HYPERLINK("#'Forrásszöveg'!A"&(MATCH("TV-S0280",Forrásszöveg!$A$6:$A$2497,0)+5),"Tv. 6. § (11)") -> Tv. 6. § (11) | G33: Az alapvető és fontos szervezetek általános kötelezettségei | H33: =HYPERLINK("#'Forrásszöveg'!A"&(MATCH("TV-S0240",Forrásszöveg!$A$6:$A$2497,0)+5),"6. § eleje") -> 6. § eleje
A34: F-TV-0282 | B34: Szervezet | C34: Kiberbiztonsági felügyeleti díj fizetése | D34: A Tv. 7. § (1) szerinti kör, költségvetési kivétel és vállalatcsoport-szabály mellett. | E34: Az SZTFH elnökének rendelete szerint. | F34: =HYPERLINK("#'Forrásszöveg'!A"&(MATCH("TV-S0282",Forrásszöveg!$A$6:$A$2497,0)+5),"Tv. 7. § (1)") -> Tv. 7. § (1) | G34: Az alapvető és fontos szervezetek általános kötelezettségei | H34: =HYPERLINK("#'Forrásszöveg'!A"&(MATCH("TV-S0282",Forrásszöveg!$A$6:$A$2497,0)+5),"7. § eleje") -> 7. § eleje
A35: F-TV-0285 | B35: Szervezet | C35: Magyarországon működő képviselő írásbeli kijelölése | D35: Nem Magyarországon bejegyzett, a törvény hatálya alá tartozó EIR-t működtető szervezet. | E35: A tétel jogalapjában nincs külön időpont kiemelve. | F35: =HYPERLINK("#'Forrásszöveg'!A"&(MATCH("TV-S0285",Forrásszöveg!$A$6:$A$2497,0)+5),"Tv. 8. § (1)") -> Tv. 8. § (1) | G35: Az alapvető és fontos szervezetek általános kötelezettségei | H35: =HYPERLINK("#'Forrásszöveg'!A"&(MATCH("TV-S0285",Forrásszöveg!$A$6:$A$2497,0)+5),"8. § eleje") -> 8. § eleje
A36: F-TV-0286 | B36: Szervezet vezetője | C36: Hatósággal való együttműködés biztosítása | D36: A hivatkozott rendelkezés és az alkalmazandó hatályszabályok szerint. | E36: A tétel jogalapjában nincs külön időpont kiemelve. | F36: =HYPERLINK("#'Forrásszöveg'!A"&(MATCH("TV-S0286",Forrásszöveg!$A$6:$A$2497,0)+5),"Tv. 8. § (2)") -> Tv. 8. § (2) | G36: Az alapvető és fontos szervezetek általános kötelezettségei | H36: =HYPERLINK("#'Forrásszöveg'!A"&(MATCH("TV-S0285",Forrásszöveg!$A$6:$A$2497,0)+5),"8. § eleje") -> 8. § eleje
A37: F-TV-0288 | B37: Szervezet vezetője | C37: Nyilvántartási adatok, iratok és változásaik megküldése | D37: A jogszabályban és a hatóság honlapján meghatározottak szerint. | E37: Változás esetén a változást követő 14 napon belül. | F37: =HYPERLINK("#'Forrásszöveg'!A"&(MATCH("TV-S0288",Forrásszöveg!$A$6:$A$2497,0)+5),"Tv. 8. § (3) a)") -> Tv. 8. § (3) a) | G37: Az alapvető és fontos szervezetek általános kötelezettségei | H37: =HYPERLINK("#'Forrásszöveg'!A"&(MATCH("TV-S0285",Forrásszöveg!$A$6:$A$2497,0)+5),"8. § eleje") -> 8. § eleje
A38: F-TV-0289 | B38: Szervezet vezetője | C38: Hatósági ellenőrzés feltételeinek biztosítása | D38: A hivatkozott rendelkezés és az alkalmazandó hatályszabályok szerint. | E38: A tétel jogalapjában nincs külön időpont kiemelve. | F38: =HYPERLINK("#'Forrásszöveg'!A"&(MATCH("TV-S0289",Forrásszöveg!$A$6:$A$2497,0)+5),"Tv. 8. § (3) b)") -> Tv. 8. § (3) b) | G38: Az alapvető és fontos szervezetek általános kötelezettségei | H38: =HYPERLINK("#'Forrásszöveg'!A"&(MATCH("TV-S0285",Forrásszöveg!$A$6:$A$2497,0)+5),"8. § eleje") -> 8. § eleje
A39: F-TV-0291 | B39: Szervezet | C39: Szervezeti adatok bejelentése | D39: Tv. 1. § (1) a)–c), f); a Tv. 8. § (4), (6) és az 51. alcím figyelembevételével. | E39: A hatály alá kerülést követő 30 napon belül; átmeneti eltérések: Tv. 83–89. §. | F39: =HYPERLINK("#'Forrásszöveg'!A"&(MATCH("TV-S0291",Forrásszöveg!$A$6:$A$2497,0)+5),"Tv. 8. § (4) a)") -> Tv. 8. § (4) a) | G39: Az alapvető és fontos szervezetek általános kötelezettségei | H39: =HYPERLINK("#'Forrásszöveg'!A"&(MATCH("TV-S0285",Forrásszöveg!$A$6:$A$2497,0)+5),"8. § eleje") -> 8. § eleje
A40: F-TV-0292 | B40: Szervezet | C40: Biztonságért felelős személy adatainak bejelentése | D40: Tv. 1. § (1) a)–c), f); a Tv. 8. § (4), (6) és az 51. alcím figyelembevételével. | E40: A hatály alá kerülést követő 30 napon belül; átmeneti eltérések: Tv. 83–89. §. | F40: =HYPERLINK("#'Forrásszöveg'!A"&(MATCH("TV-S0292",Forrásszöveg!$A$6:$A$2497,0)+5),"Tv. 8. § (4) b)") -> Tv. 8. § (4) b) | G40: Az alapvető és fontos szervezetek általános kötelezettségei | H40: =HYPERLINK("#'Forrásszöveg'!A"&(MATCH("TV-S0285",Forrásszöveg!$A$6:$A$2497,0)+5),"8. § eleje") -> 8. § eleje
A41: F-TV-0293 | B41: Szervezet | C41: Használt elektronikus információs rendszerek felmérése | D41: Tv. 1. § (1) a)–c), f); a Tv. 8. § (4), (6) és az 51. alcím figyelembevételével. | E41: A hatály alá kerülést követő 90 napon belül; átmeneti eltérések: Tv. 83–89. §. | F41: =HYPERLINK("#'Forrásszöveg'!A"&(MATCH("TV-S0293",Forrásszöveg!$A$6:$A$2497,0)+5),"Tv. 8. § (4) c)") -> Tv. 8. § (4) c) | G41: Az alapvető és fontos szervezetek általános kötelezettségei | H41: =HYPERLINK("#'Forrásszöveg'!A"&(MATCH("TV-S0285",Forrásszöveg!$A$6:$A$2497,0)+5),"8. § eleje") -> 8. § eleje
A42: F-TV-0294 | B42: Szervezet | C42: Adatosztályozás elvégzése, ha releváns | D42: Tv. 1. § (1) a)–c), f); a Tv. 8. § (4), (6) és az 51. alcím figyelembevételével. | E42: A hatály alá kerülést követő 120 napon belül; átmeneti eltérések: Tv. 83–89. §. | F42: =HYPERLINK("#'Forrásszöveg'!A"&(MATCH("TV-S0294",Forrásszöveg!$A$6:$A$2497,0)+5),"Tv. 8. § (4) d)") -> Tv. 8. § (4) d) | G42: Az alapvető és fontos szervezetek általános kötelezettségei | H42: =HYPERLINK("#'Forrásszöveg'!A"&(MATCH("TV-S0285",Forrásszöveg!$A$6:$A$2497,0)+5),"8. § eleje") -> 8. § eleje
A43: F-TV-0295 | B43: Szervezet | C43: Információbiztonsági szabályzat megküldése | D43: Tv. 1. § (1) a)–c), f); a Tv. 8. § (4), (6) és az 51. alcím figyelembevételével. | E43: A hatály alá kerülést követő 180 napon belül; átmeneti eltérések: Tv. 83–89. §. | F43: =HYPERLINK("#'Forrásszöveg'!A"&(MATCH("TV-S0295",Forrásszöveg!$A$6:$A$2497,0)+5),"Tv. 8. § (4) e)") -> Tv. 8. § (4) e) | G43: Az alapvető és fontos szervezetek általános kötelezettségei | H43: =HYPERLINK("#'Forrásszöveg'!A"&(MATCH("TV-S0285",Forrásszöveg!$A$6:$A$2497,0)+5),"8. § eleje") -> 8. § eleje
A44: F-TV-0296 | B44: Szervezet | C44: Besorolás, védelmi intézkedések felmérése és bejelentés | D44: Tv. 1. § (1) a)–c), f); a Tv. 8. § (4), (6) és az 51. alcím figyelembevételével. | E44: A hatály alá kerülést követő 180 napon belül; átmeneti eltérések: Tv. 83–89. §. | F44: =HYPERLINK("#'Forrásszöveg'!A"&(MATCH("TV-S0296",Forrásszöveg!$A$6:$A$2497,0)+5),"Tv. 8. § (4) f)") -> Tv. 8. § (4) f) | G44: Az alapvető és fontos szervezetek általános kötelezettségei | H44: =HYPERLINK("#'Forrásszöveg'!A"&(MATCH("TV-S0285",Forrásszöveg!$A$6:$A$2497,0)+5),"8. § eleje") -> 8. § eleje
A45: F-TV-0297 | B45: Szervezet | C45: Nyilvántartásba vételi adatok megküldése az SZTFH-nak | D45: Tv. 8. § (5) szerinti kör és adatkivétel; átmeneti szabály: 89. §. | E45: Működés megkezdését vagy hatály alá kerülést követő 30 napon belül. | F45: =HYPERLINK("#'Forrásszöveg'!A"&(MATCH("TV-S0297",Forrásszöveg!$A$6:$A$2497,0)+5),"Tv. 8. § (5)") -> Tv. 8. § (5) | G45: Az alapvető és fontos szervezetek általános kötelezettségei | H45: =HYPERLINK("#'Forrásszöveg'!A"&(MATCH("TV-S0285",Forrásszöveg!$A$6:$A$2497,0)+5),"8. § eleje") -> 8. § eleje
A46: F-TV-0306 | B46: Szervezet | C46: Információmegosztási megállapodásról a hatóság tájékoztatása | D46: Megkötés, részvétel vagy felmondás esetén. A megállapodás megkötése lehetőség. | E46: A tétel jogalapjában nincs külön időpont kiemelve. | F46: =HYPERLINK("#'Forrásszöveg'!A"&(MATCH("TV-S0306",Forrásszöveg!$A$6:$A$2497,0)+5),"Tv. 8. § (7)") -> Tv. 8. § (7) | G46: Az alapvető és fontos szervezetek általános kötelezettségei | H46: =HYPERLINK("#'Forrásszöveg'!A"&(MATCH("TV-S0285",Forrásszöveg!$A$6:$A$2497,0)+5),"8. § eleje") -> 8. § eleje
A47: F-TV-0308 | B47: Szervezet | C47: Kezelt adatok osztályozása | D47: A Tv. 9. § adott bekezdésében megjelölt szervezeti kör és feltételek szerint. | E47: A tétel jogalapjában nincs külön időpont kiemelve. | F47: =HYPERLINK("#'Forrásszöveg'!A"&(MATCH("TV-S0308",Forrásszöveg!$A$6:$A$2497,0)+5),"Tv. 9. § (1)") -> Tv. 9. § (1) | G47: Adatosztályozás | H47: =HYPERLINK("#'Forrásszöveg'!A"&(MATCH("TV-S0308",Forrásszöveg!$A$6:$A$2497,0)+5),"9. § eleje") -> 9. § eleje
A48: F-TV-0309 | B48: Szervezet | C48: Adatosztályozás felhőhasználathoz és külföldi adatkezeléshez | D48: A Tv. 9. § adott bekezdésében megjelölt szervezeti kör és feltételek szerint. | E48: A tétel jogalapjában nincs külön időpont kiemelve. | F48: =HYPERLINK("#'Forrásszöveg'!A"&(MATCH("TV-S0309",Forrásszöveg!$A$6:$A$2497,0)+5),"Tv. 9. § (2)") -> Tv. 9. § (2) | G48: Adatosztályozás | H48: =HYPERLINK("#'Forrásszöveg'!A"&(MATCH("TV-S0308",Forrásszöveg!$A$6:$A$2497,0)+5),"9. § eleje") -> 9. § eleje
A49: F-TV-0310 | B49: Szervezet | C49: Együttesen kezelt adatok biztonsági igényének figyelembevétele | D49: A Tv. 9. § adott bekezdésében megjelölt szervezeti kör és feltételek szerint. | E49: A tétel jogalapjában nincs külön időpont kiemelve. | F49: =HYPERLINK("#'Forrásszöveg'!A"&(MATCH("TV-S0310",Forrásszöveg!$A$6:$A$2497,0)+5),"Tv. 9. § (3)") -> Tv. 9. § (3) | G49: Adatosztályozás | H49: =HYPERLINK("#'Forrásszöveg'!A"&(MATCH("TV-S0308",Forrásszöveg!$A$6:$A$2497,0)+5),"9. § eleje") -> 9. § eleje
A50: F-TV-0312 | B50: Szervezet | C50: Adatosztályozás felülvizsgálata | D50: Besorolás keretében, illetve a kezelendő adatok körének változásakor. | E50: A tétel jogalapjában nincs külön időpont kiemelve. | F50: =HYPERLINK("#'Forrásszöveg'!A"&(MATCH("TV-S0312",Forrásszöveg!$A$6:$A$2497,0)+5),"Tv. 9. § (5)") -> Tv. 9. § (5) | G50: Adatosztályozás | H50: =HYPERLINK("#'Forrásszöveg'!A"&(MATCH("TV-S0308",Forrásszöveg!$A$6:$A$2497,0)+5),"9. § eleje") -> 9. § eleje
A51: F-TV-0314 | B51: Szervezet | C51: Rendelkezésben lévő EIR-ek biztonsági osztályba sorolása | D51: Tv. 10. § (1); a Tv. 6. § (10) szerinti eltéréssel. | E51: A tétel jogalapjában nincs külön időpont kiemelve. | F51: =HYPERLINK("#'Forrásszöveg'!A"&(MATCH("TV-S0314",Forrásszöveg!$A$6:$A$2497,0)+5),"Tv. 10. § (1)") -> Tv. 10. § (1) | G51: A biztonsági osztályba sorolás | H51: =HYPERLINK("#'Forrásszöveg'!A"&(MATCH("TV-S0314",Forrásszöveg!$A$6:$A$2497,0)+5),"10. § eleje") -> 10. § eleje
A52: F-TV-0315 | B52: Szervezet vezetője | C52: Besorolásról döntés és megfelelőségéért való felelősség | D52: A felhasznált adatok teljességéért és időszerűségéért is felel. | E52: A tétel jogalapjában nincs külön időpont kiemelve. | F52: =HYPERLINK("#'Forrásszöveg'!A"&(MATCH("TV-S0315",Forrásszöveg!$A$6:$A$2497,0)+5),"Tv. 10. § (2)") -> Tv. 10. § (2) | G52: A biztonsági osztályba sorolás | H52: =HYPERLINK("#'Forrásszöveg'!A"&(MATCH("TV-S0314",Forrásszöveg!$A$6:$A$2497,0)+5),"10. § eleje") -> 10. § eleje
A53: F-TV-0315-2 | B53: Szervezet | C53: Besorolás eredményének rögzítése | D53: Az EIR-nyilvántartásban vagy egyéb belső szabályzatban. | E53: A tétel jogalapjában nincs külön időpont kiemelve. | F53: =HYPERLINK("#'Forrásszöveg'!A"&(MATCH("TV-S0315",Forrásszöveg!$A$6:$A$2497,0)+5),"Tv. 10. § (2)") -> Tv. 10. § (2) | G53: A biztonsági osztályba sorolás | H53: =HYPERLINK("#'Forrásszöveg'!A"&(MATCH("TV-S0314",Forrásszöveg!$A$6:$A$2497,0)+5),"10. § eleje") -> 10. § eleje
A54: F-TV-0317 | B54: Szervezet | C54: Biztonsági osztályhoz előírt védelmi intézkedések meghatározása és megvalósítása | D54: Az informatikáért felelős miniszter rendelete szerinti intézkedések; külső részletszabály nincs kibontva. | E54: A tétel jogalapjában nincs külön időpont kiemelve. | F54: =HYPERLINK("#'Forrásszöveg'!A"&(MATCH("TV-S0317",Forrásszöveg!$A$6:$A$2497,0)+5),"Tv. 10. § (4)") -> Tv. 10. § (4) | G54: A biztonsági osztályba sorolás | H54: =HYPERLINK("#'Forrásszöveg'!A"&(MATCH("TV-S0314",Forrásszöveg!$A$6:$A$2497,0)+5),"10. § eleje") -> 10. § eleje
A55: F-TV-0318 | B55: Szervezet | C55: Legalább az alap szintű védelmi intézkedések teljesítése | D55: A Tv. 10. § (5) szerinti szervezeti és rendszerkör. | E55: A hatály alá kerüléskor. | F55: =HYPERLINK("#'Forrásszöveg'!A"&(MATCH("TV-S0318",Forrásszöveg!$A$6:$A$2497,0)+5),"Tv. 10. § (5)") -> Tv. 10. § (5) | G55: A biztonsági osztályba sorolás | H55: =HYPERLINK("#'Forrásszöveg'!A"&(MATCH("TV-S0314",Forrásszöveg!$A$6:$A$2497,0)+5),"10. § eleje") -> 10. § eleje
A56: F-TV-0319 | B56: Szervezet | C56: Magasabb biztonsági osztály intézkedéseinek kivitelezése | D56: A Tv. 10. § (5) szerinti EIR, ha alapnál magasabb osztályt állapítottak meg. | E56: Besorolást követően legfeljebb 2 év. | F56: =HYPERLINK("#'Forrásszöveg'!A"&(MATCH("TV-S0319",Forrásszöveg!$A$6:$A$2497,0)+5),"Tv. 10. § (6)") -> Tv. 10. § (6) | G56: A biztonsági osztályba sorolás | H56: =HYPERLINK("#'Forrásszöveg'!A"&(MATCH("TV-S0314",Forrásszöveg!$A$6:$A$2497,0)+5),"10. § eleje") -> 10. § eleje
A57: F-TV-0320 | B57: Szervezet | C57: Besorolás dokumentált felülvizsgálata | D57: Jogszabály szerinti biztonságot érintő változáskor soron kívül is. | E57: Legalább kétévente. | F57: =HYPERLINK("#'Forrásszöveg'!A"&(MATCH("TV-S0320",Forrásszöveg!$A$6:$A$2497,0)+5),"Tv. 10. § (7)") -> Tv. 10. § (7) | G57: A biztonsági osztályba sorolás | H57: =HYPERLINK("#'Forrásszöveg'!A"&(MATCH("TV-S0314",Forrásszöveg!$A$6:$A$2497,0)+5),"10. § eleje") -> 10. § eleje
A58: F-TV-0322 | B58: Szervezet vezetője | C58: Biztonságért felelős személy kijelölése vagy külső megállapodás megkötése | D58: A hivatkozott rendelkezés és az alkalmazandó hatályszabályok szerint. | E58: A tétel jogalapjában nincs külön időpont kiemelve. | F58: =HYPERLINK("#'Forrásszöveg'!A"&(MATCH("TV-S0322",Forrásszöveg!$A$6:$A$2497,0)+5),"Tv. 11. § (1)") -> Tv. 11. § (1) | G58: Az elektronikus információs rendszer biztonságáért felelős személy | H58: =HYPERLINK("#'Forrásszöveg'!A"&(MATCH("TV-S0322",Forrásszöveg!$A$6:$A$2497,0)+5),"11. § eleje") -> 11. § eleje
A59: F-TV-0323 | B59: Szervezet | C59: Külső megállapodásban feladatot ellátó természetes személy megjelölése | D59: A Tv. 11. § (2) szerinti megállapodás esetén. | E59: A tétel jogalapjában nincs külön időpont kiemelve. | F59: =HYPERLINK("#'Forrásszöveg'!A"&(MATCH("TV-S0323",Forrásszöveg!$A$6:$A$2497,0)+5),"Tv. 11. § (2)") -> Tv. 11. § (2) | G59: Az elektronikus információs rendszer biztonságáért felelős személy | H59: =HYPERLINK("#'Forrásszöveg'!A"&(MATCH("TV-S0322",Forrásszöveg!$A$6:$A$2497,0)+5),"11. § eleje") -> 11. § eleje
A60: F-TV-0334 | B60: Szervezet vezetője | C60: Felelős személy bevonása a védelmet érintő döntések előkészítésébe | D60: A hivatkozott rendelkezés és az alkalmazandó hatályszabályok szerint. | E60: A tétel jogalapjában nincs külön időpont kiemelve. | F60: =HYPERLINK("#'Forrásszöveg'!A"&(MATCH("TV-S0334",Forrásszöveg!$A$6:$A$2497,0)+5),"Tv. 11. § (6) a)") -> Tv. 11. § (6) a) | G60: Az elektronikus információs rendszer biztonságáért felelős személy | H60: =HYPERLINK("#'Forrásszöveg'!A"&(MATCH("TV-S0322",Forrásszöveg!$A$6:$A$2497,0)+5),"11. § eleje") -> 11. § eleje
A61: F-TV-0335 | B61: Szervezet vezetője | C61: Feltételek, jogosultságok, információk és erőforrások biztosítása | D61: A hivatkozott rendelkezés és az alkalmazandó hatályszabályok szerint. | E61: A tétel jogalapjában nincs külön időpont kiemelve. | F61: =HYPERLINK("#'Forrásszöveg'!A"&(MATCH("TV-S0335",Forrásszöveg!$A$6:$A$2497,0)+5),"Tv. 11. § (6) b)") -> Tv. 11. § (6) b) | G61: Az elektronikus információs rendszer biztonságáért felelős személy | H61: =HYPERLINK("#'Forrásszöveg'!A"&(MATCH("TV-S0322",Forrásszöveg!$A$6:$A$2497,0)+5),"11. § eleje") -> 11. § eleje
A62: F-TV-0336 | B62: Szervezet vezetője | C62: Feladathoz szükséges rendszer-, adat- és információhozzáférés biztosítása | D62: A hivatkozott rendelkezés és az alkalmazandó hatályszabályok szerint. | E62: A tétel jogalapjában nincs külön időpont kiemelve. | F62: =HYPERLINK("#'Forrásszöveg'!A"&(MATCH("TV-S0336",Forrásszöveg!$A$6:$A$2497,0)+5),"Tv. 11. § (6) c)") -> Tv. 11. § (6) c) | G62: Az elektronikus információs rendszer biztonságáért felelős személy | H62: =HYPERLINK("#'Forrásszöveg'!A"&(MATCH("TV-S0322",Forrásszöveg!$A$6:$A$2497,0)+5),"11. § eleje") -> 11. § eleje
A63: F-TV-0337 | B63: Szervezet vezetője | C63: Belső felelős személy továbbképzési részvételének biztosítása | D63: A hivatkozott rendelkezés és az alkalmazandó hatályszabályok szerint. | E63: A tétel jogalapjában nincs külön időpont kiemelve. | F63: =HYPERLINK("#'Forrásszöveg'!A"&(MATCH("TV-S0337",Forrásszöveg!$A$6:$A$2497,0)+5),"Tv. 11. § (6) d)") -> Tv. 11. § (6) d) | G63: Az elektronikus információs rendszer biztonságáért felelős személy | H63: =HYPERLINK("#'Forrásszöveg'!A"&(MATCH("TV-S0322",Forrásszöveg!$A$6:$A$2497,0)+5),"11. § eleje") -> 11. § eleje
A64: F-TV-0338 | B64: Elektronikus információs rendszer biztonságáért felelős személy | C64: Titoktartás a feladatellátás során megismert adatokról | D64: A szervezet vezetője felmentést adhat. | E64: A tétel jogalapjában nincs külön időpont kiemelve. | F64: =HYPERLINK("#'Forrásszöveg'!A"&(MATCH("TV-S0338",Forrásszöveg!$A$6:$A$2497,0)+5),"Tv. 11. § (7)") -> Tv. 11. § (7) | G64: Az elektronikus információs rendszer biztonságáért felelős személy | H64: =HYPERLINK("#'Forrásszöveg'!A"&(MATCH("TV-S0322",Forrásszöveg!$A$6:$A$2497,0)+5),"11. § eleje") -> 11. § eleje
A65: F-TV-0339 | B65: Elektronikus információs rendszer biztonságáért felelős személy | C65: Előírt továbbképzésen részvétel | D65: Az informatikáért felelős miniszter rendelete szerint; külső részletszabály nincs kibontva. | E65: A tétel jogalapjában nincs külön időpont kiemelve. | F65: =HYPERLINK("#'Forrásszöveg'!A"&(MATCH("TV-S0339",Forrásszöveg!$A$6:$A$2497,0)+5),"Tv. 11. § (8)") -> Tv. 11. § (8) | G65: Az elektronikus információs rendszer biztonságáért felelős személy | H65: =HYPERLINK("#'Forrásszöveg'!A"&(MATCH("TV-S0322",Forrásszöveg!$A$6:$A$2497,0)+5),"11. § eleje") -> 11. § eleje
A66: F-TV-0341 | B66: Szervezet vezetője | C66: Feladatok és felelősség megosztásáról rendelkezés | D66: Ha helyettes kijelölésére vagy megbízására kerül sor. | E66: A tétel jogalapjában nincs külön időpont kiemelve. | F66: =HYPERLINK("#'Forrásszöveg'!A"&(MATCH("TV-S0341",Forrásszöveg!$A$6:$A$2497,0)+5),"Tv. 11. § (10)") -> Tv. 11. § (10) | G66: Az elektronikus információs rendszer biztonságáért felelős személy | H66: =HYPERLINK("#'Forrásszöveg'!A"&(MATCH("TV-S0322",Forrásszöveg!$A$6:$A$2497,0)+5),"11. § eleje") -> 11. § eleje
A67: F-TV-0344 | B67: Nemzeti kiberbiztonsági hatóság | C67: Alkalmas biztonsági felelős személyek nyilvántartásának vezetése | D67: A hivatkozott rendelkezés és az alkalmazandó hatályszabályok szerint. | E67: A tétel jogalapjában nincs külön időpont kiemelve. | F67: =HYPERLINK("#'Forrásszöveg'!A"&(MATCH("TV-S0344",Forrásszöveg!$A$6:$A$2497,0)+5),"Tv. 11. § (13)") -> Tv. 11. § (13) | G67: Az elektronikus információs rendszer biztonságáért felelős személy | H67: =HYPERLINK("#'Forrásszöveg'!A"&(MATCH("TV-S0322",Forrásszöveg!$A$6:$A$2497,0)+5),"11. § eleje") -> 11. § eleje
A68: F-TV-0360 | B68: Szervezet | C68: Fejlesztés esetén előírt eljárás követése | D68: A Tv. 13. § (1), 13/A. § szerinti kör; a 14. § eltérő eljárást szabályoz. | E68: A tétel jogalapjában nincs külön időpont kiemelve. | F68: =HYPERLINK("#'Forrásszöveg'!A"&(MATCH("TV-S0360",Forrásszöveg!$A$6:$A$2497,0)+5),"Tv. 13. § (2)") -> Tv. 13. § (2) | G68: Az elektronikus információs rendszer fejlesztése, továbbfejlesztése | H68: =HYPERLINK("#'Forrásszöveg'!A"&(MATCH("TV-S0357",Forrásszöveg!$A$6:$A$2497,0)+5),"13. § eleje") -> 13. § eleje
A69: F-TV-0361 | B69: Szervezet | C69: Tervezéskor osztályozás, besorolás és jóváhagyásra benyújtás | D69: A Tv. 13. § (1), 13/A. § szerinti kör; a 14. § eltérő eljárást szabályoz. | E69: A tétel jogalapjában nincs külön időpont kiemelve. | F69: =HYPERLINK("#'Forrásszöveg'!A"&(MATCH("TV-S0361",Forrásszöveg!$A$6:$A$2497,0)+5),"Tv. 13. § (3)") -> Tv. 13. § (3) | G69: Az elektronikus információs rendszer fejlesztése, továbbfejlesztése | H69: =HYPERLINK("#'Forrásszöveg'!A"&(MATCH("TV-S0357",Forrásszöveg!$A$6:$A$2497,0)+5),"13. § eleje") -> 13. § eleje
A70: F-TV-0364 | B70: Szervezet | C70: Jóváhagyott besorolás követelményeinek szerződéses rögzítése és érvényesítése | D70: Tv. 13. § szerinti fejlesztés. | E70: A tétel jogalapjában nincs külön időpont kiemelve. | F70: =HYPERLINK("#'Forrásszöveg'!A"&(MATCH("TV-S0364",Forrásszöveg!$A$6:$A$2497,0)+5),"Tv. 13. § (4)") -> Tv. 13. § (4) | G70: Az elektronikus információs rendszer fejlesztése, továbbfejlesztése | H70: =HYPERLINK("#'Forrásszöveg'!A"&(MATCH("TV-S0357",Forrásszöveg!$A$6:$A$2497,0)+5),"13. § eleje") -> 13. § eleje
A71: F-TV-0365 | B71: Szervezet | C71: Fejlesztés végrehajtása a jóváhagyott védelmi követelmények szerint | D71: Tv. 13. § szerinti fejlesztés. | E71: A tétel jogalapjában nincs külön időpont kiemelve. | F71: =HYPERLINK("#'Forrásszöveg'!A"&(MATCH("TV-S0365",Forrásszöveg!$A$6:$A$2497,0)+5),"Tv. 13. § (5)") -> Tv. 13. § (5) | G71: Az elektronikus információs rendszer fejlesztése, továbbfejlesztése | H71: =HYPERLINK("#'Forrásszöveg'!A"&(MATCH("TV-S0357",Forrásszöveg!$A$6:$A$2497,0)+5),"13. § eleje") -> 13. § eleje
A72: F-TV-0366 | B72: Szervezet | C72: Biztonságot befolyásoló új körülmény esetén feladatok ismételt elvégzése | D72: Tv. 13. § szerinti fejlesztés. | E72: A tétel jogalapjában nincs külön időpont kiemelve. | F72: =HYPERLINK("#'Forrásszöveg'!A"&(MATCH("TV-S0366",Forrásszöveg!$A$6:$A$2497,0)+5),"Tv. 13. § (6)") -> Tv. 13. § (6) | G72: Az elektronikus információs rendszer fejlesztése, továbbfejlesztése | H72: =HYPERLINK("#'Forrásszöveg'!A"&(MATCH("TV-S0357",Forrásszöveg!$A$6:$A$2497,0)+5),"13. § eleje") -> 13. § eleje
A73: F-TV-0368 | B73: Szervezet | C73: Besorolási követelmények teljesítése a használatbavételig | D73: Új rendszer bevezetése vagy meglévő továbbfejlesztése a Tv. 13. § szerint. | E73: A használatbavételig. | F73: =HYPERLINK("#'Forrásszöveg'!A"&(MATCH("TV-S0368",Forrásszöveg!$A$6:$A$2497,0)+5),"Tv. 13. § (8)") -> Tv. 13. § (8) | G73: Az elektronikus információs rendszer fejlesztése, továbbfejlesztése | H73: =HYPERLINK("#'Forrásszöveg'!A"&(MATCH("TV-S0357",Forrásszöveg!$A$6:$A$2497,0)+5),"13. § eleje") -> 13. § eleje
A74: F-TV-0370 | B74: Szervezet | C74: EIR-adatok bejelentése a használati döntéssel együtt | D74: Tv. 13. § szerinti eljárás. | E74: A Tv. 6. § (3) 12. pont szerinti döntéssel egyidejűleg. | F74: =HYPERLINK("#'Forrásszöveg'!A"&(MATCH("TV-S0370",Forrásszöveg!$A$6:$A$2497,0)+5),"Tv. 13. § (10)") -> Tv. 13. § (10) | G74: Az elektronikus információs rendszer fejlesztése, továbbfejlesztése | H74: =HYPERLINK("#'Forrásszöveg'!A"&(MATCH("TV-S0357",Forrásszöveg!$A$6:$A$2497,0)+5),"13. § eleje") -> 13. § eleje
A75: F-TV-0371 | B75: Központi rendszer felett rendelkezési jogot gyakorló szervezet | C75: Hatóság tájékoztatása központi rendszer fejlesztéséről | D75: A rendszer biztonságát érintő kérdésekben. | E75: Tervezéskor, majd minden mérföldkő elérésekor. | F75: =HYPERLINK("#'Forrásszöveg'!A"&(MATCH("TV-S0371",Forrásszöveg!$A$6:$A$2497,0)+5),"Tv. 13. § (11)") -> Tv. 13. § (11) | G75: Az elektronikus információs rendszer fejlesztése, továbbfejlesztése | H75: =HYPERLINK("#'Forrásszöveg'!A"&(MATCH("TV-S0357",Forrásszöveg!$A$6:$A$2497,0)+5),"13. § eleje") -> 13. § eleje
A76: F-TV-0377 | B76: Szervezet | C76: Védelmi követelmények érvényesítése a fejlesztő felé | D76: A Tv. 14. § (1) szerinti szervezeti kör. | E76: A tétel jogalapjában nincs külön időpont kiemelve. | F76: =HYPERLINK("#'Forrásszöveg'!A"&(MATCH("TV-S0377",Forrásszöveg!$A$6:$A$2497,0)+5),"Tv. 14. § (2)") -> Tv. 14. § (2) | G76: Az elektronikus információs rendszer fejlesztése, továbbfejlesztése | H76: =HYPERLINK("#'Forrásszöveg'!A"&(MATCH("TV-S0373",Forrásszöveg!$A$6:$A$2497,0)+5),"14. § eleje") -> 14. § eleje
A77: F-TV-0379 | B77: Szervezet | C77: Fejlesztendő EIR bejelentése a tervezési életciklusban | D77: A Tv. 14. § (1) szerinti kör; a (3) bekezdés a)–b) pontja szerint. | E77: A tétel jogalapjában nincs külön időpont kiemelve. | F77: =HYPERLINK("#'Forrásszöveg'!A"&(MATCH("TV-S0379",Forrásszöveg!$A$6:$A$2497,0)+5),"Tv. 14. § (3) a)") -> Tv. 14. § (3) a) | G77: Az elektronikus információs rendszer fejlesztése, továbbfejlesztése | H77: =HYPERLINK("#'Forrásszöveg'!A"&(MATCH("TV-S0373",Forrásszöveg!$A$6:$A$2497,0)+5),"14. § eleje") -> 14. § eleje
A78: F-TV-0380 | B78: Szervezet | C78: EIR bejelentése a használatbavételi vagy továbbhasználati döntés után | D78: A Tv. 14. § (1) szerinti kör; a (3) bekezdés a)–b) pontja szerint. | E78: A tétel jogalapjában nincs külön időpont kiemelve. | F78: =HYPERLINK("#'Forrásszöveg'!A"&(MATCH("TV-S0380",Forrásszöveg!$A$6:$A$2497,0)+5),"Tv. 14. § (3) b)") -> Tv. 14. § (3) b) | G78: Az elektronikus információs rendszer fejlesztése, továbbfejlesztése | H78: =HYPERLINK("#'Forrásszöveg'!A"&(MATCH("TV-S0373",Forrásszöveg!$A$6:$A$2497,0)+5),"14. § eleje") -> 14. § eleje
A79: F-TV-0382 | B79: Szervezet | C79: Védelmi követelmények teljesítése a használati döntéshez | D79: A Tv. 14. § szerinti fejlesztés. | E79: A rendszer használatbavételéig. | F79: =HYPERLINK("#'Forrásszöveg'!A"&(MATCH("TV-S0382",Forrásszöveg!$A$6:$A$2497,0)+5),"Tv. 14. § (5)") -> Tv. 14. § (5) | G79: Az elektronikus információs rendszer fejlesztése, továbbfejlesztése | H79: =HYPERLINK("#'Forrásszöveg'!A"&(MATCH("TV-S0373",Forrásszöveg!$A$6:$A$2497,0)+5),"14. § eleje") -> 14. § eleje
A80: F-TV-0384 | B80: Szervezet | C80: Teljes körű sérülékenységvizsgálat kezdeményezése | D80: Tv. 15. § (1)–(2): jelentős vagy magas osztály; az állami vizsgáló szerv döntésével mentesülhet. | E80: A tétel jogalapjában nincs külön időpont kiemelve. | F80: =HYPERLINK("#'Forrásszöveg'!A"&(MATCH("TV-S0384",Forrásszöveg!$A$6:$A$2497,0)+5),"Tv. 15. § (2)") -> Tv. 15. § (2) | G80: Az elektronikus információs rendszer fejlesztése, továbbfejlesztése | H80: =HYPERLINK("#'Forrásszöveg'!A"&(MATCH("TV-S0383",Forrásszöveg!$A$6:$A$2497,0)+5),"15. § eleje") -> 15. § eleje
A81: F-TV-0387 | B81: Szervezet | C81: Kiberbiztonsági audit végeztetése | D81: Tv. 16. § (1) szerinti kör, a mikrovállalkozási és honvédelmi eltérésekkel. | E81: Kétévente, illetve hatósági elrendelés esetén. | F81: =HYPERLINK("#'Forrásszöveg'!A"&(MATCH("TV-S0387",Forrásszöveg!$A$6:$A$2497,0)+5),"Tv. 16. § (1)") -> Tv. 16. § (1) | G81: Kiberbiztonsági audit | H81: =HYPERLINK("#'Forrásszöveg'!A"&(MATCH("TV-S0387",Forrásszöveg!$A$6:$A$2497,0)+5),"16. § eleje") -> 16. § eleje
A82: F-TV-0389 | B82: Szervezet | C82: Megállapodás kötése nyilvántartott auditorral | D82: Auditkötelezett szervezet; átmeneti eltérés: Tv. 89. § (1a). | E82: Nyilvántartásba vételt követő 120 napon belül. | F82: =HYPERLINK("#'Forrásszöveg'!A"&(MATCH("TV-S0389",Forrásszöveg!$A$6:$A$2497,0)+5),"Tv. 16. § (2) a)") -> Tv. 16. § (2) a) | G82: Kiberbiztonsági audit | H82: =HYPERLINK("#'Forrásszöveg'!A"&(MATCH("TV-S0387",Forrásszöveg!$A$6:$A$2497,0)+5),"16. § eleje") -> 16. § eleje
A83: F-TV-0390 | B83: Szervezet | C83: Első audit elvégeztetése | D83: Auditkötelezett szervezet; átmeneti eltérés: Tv. 89. § (2). | E83: Nyilvántartásba vételt követő 2 éven belül. | F83: =HYPERLINK("#'Forrásszöveg'!A"&(MATCH("TV-S0390",Forrásszöveg!$A$6:$A$2497,0)+5),"Tv. 16. § (2) b)") -> Tv. 16. § (2) b) | G83: Kiberbiztonsági audit | H83: =HYPERLINK("#'Forrásszöveg'!A"&(MATCH("TV-S0387",Forrásszöveg!$A$6:$A$2497,0)+5),"16. § eleje") -> 16. § eleje
A84: F-TV-0391 | B84: Szervezet | C84: Honvédelmi célú EIR auditálásának tilalma | D84: Honvédelmi célú elektronikus információs rendszer. | E84: A tétel jogalapjában nincs külön időpont kiemelve. | F84: =HYPERLINK("#'Forrásszöveg'!A"&(MATCH("TV-S0391",Forrásszöveg!$A$6:$A$2497,0)+5),"Tv. 16. § (3)") -> Tv. 16. § (3) | G84: Kiberbiztonsági audit | H84: =HYPERLINK("#'Forrásszöveg'!A"&(MATCH("TV-S0387",Forrásszöveg!$A$6:$A$2497,0)+5),"16. § eleje") -> 16. § eleje
A85: F-TV-0395 | B85: Szervezet | C85: Támogató rendszer védelme és védelmi intézkedéseinek felmérése | D85: A támogatott EIR-nek megfelelő védelem, kockázatarányos alkalmazhatóság mellett. | E85: A tétel jogalapjában nincs külön időpont kiemelve. | F85: =HYPERLINK("#'Forrásszöveg'!A"&(MATCH("TV-S0395",Forrásszöveg!$A$6:$A$2497,0)+5),"Tv. 17. § (1)") -> Tv. 17. § (1) | G85: A támogató rendszerekre vonatkozó speciális rendelkezések | H85: =HYPERLINK("#'Forrásszöveg'!A"&(MATCH("TV-S0395",Forrásszöveg!$A$6:$A$2497,0)+5),"17. § eleje") -> 17. § eleje
A86: F-TV-0396 | B86: Támogató rendszert szolgáltató szervezet | C86: Felhasználó tájékoztatása a támogató rendszer védelmi megfeleléséről | D86: Ha a támogató rendszert szolgáltatásként nyújtja. | E86: A tétel jogalapjában nincs külön időpont kiemelve. | F86: =HYPERLINK("#'Forrásszöveg'!A"&(MATCH("TV-S0396",Forrásszöveg!$A$6:$A$2497,0)+5),"Tv. 17. § (2)") -> Tv. 17. § (2) | G86: A támogató rendszerekre vonatkozó speciális rendelkezések | H86: =HYPERLINK("#'Forrásszöveg'!A"&(MATCH("TV-S0395",Forrásszöveg!$A$6:$A$2497,0)+5),"17. § eleje") -> 17. § eleje
A87: F-TV-0397 | B87: Szervezet | C87: Csak megfelelő védelmű támogató rendszer igénybevétele | D87: A támogatott EIR védelmi igényeinek való megfelelés szükséges. | E87: A tétel jogalapjában nincs külön időpont kiemelve. | F87: =HYPERLINK("#'Forrásszöveg'!A"&(MATCH("TV-S0397",Forrásszöveg!$A$6:$A$2497,0)+5),"Tv. 17. § (3)") -> Tv. 17. § (3) | G87: A támogató rendszerekre vonatkozó speciális rendelkezések | H87: =HYPERLINK("#'Forrásszöveg'!A"&(MATCH("TV-S0395",Forrásszöveg!$A$6:$A$2497,0)+5),"17. § eleje") -> 17. § eleje
A88: F-TV-0400 | B88: Központi rendszer felett rendelkezési jogot gyakorló szervezet | C88: Általános szervezeti feladatok ellátása a központi rendszerre | D88: A hivatkozott rendelkezés és az alkalmazandó hatályszabályok szerint. | E88: A tétel jogalapjában nincs külön időpont kiemelve. | F88: =HYPERLINK("#'Forrásszöveg'!A"&(MATCH("TV-S0400",Forrásszöveg!$A$6:$A$2497,0)+5),"Tv. 18. § (1) a)") -> Tv. 18. § (1) a) | G88: A központi rendszerekre vonatkozó speciális rendelkezések | H88: =HYPERLINK("#'Forrásszöveg'!A"&(MATCH("TV-S0399",Forrásszöveg!$A$6:$A$2497,0)+5),"18. § eleje") -> 18. § eleje
A89: F-TV-0401 | B89: Központi rendszer felett rendelkezési jogot gyakorló szervezet | C89: Felhasználó szervezetek bejelentése a hatóságnak | D89: A hivatkozott rendelkezés és az alkalmazandó hatályszabályok szerint. | E89: A tétel jogalapjában nincs külön időpont kiemelve. | F89: =HYPERLINK("#'Forrásszöveg'!A"&(MATCH("TV-S0401",Forrásszöveg!$A$6:$A$2497,0)+5),"Tv. 18. § (1) b)") -> Tv. 18. § (1) b) | G89: A központi rendszerekre vonatkozó speciális rendelkezések | H89: =HYPERLINK("#'Forrásszöveg'!A"&(MATCH("TV-S0399",Forrásszöveg!$A$6:$A$2497,0)+5),"18. § eleje") -> 18. § eleje
A90: F-TV-0402 | B90: Központi rendszer felett rendelkezési jogot gyakorló szervezet | C90: Felhasználói biztonsági követelmények meghatározása és elérhetővé tétele | D90: A hivatkozott rendelkezés és az alkalmazandó hatályszabályok szerint. | E90: A tétel jogalapjában nincs külön időpont kiemelve. | F90: =HYPERLINK("#'Forrásszöveg'!A"&(MATCH("TV-S0402",Forrásszöveg!$A$6:$A$2497,0)+5),"Tv. 18. § (1) c)") -> Tv. 18. § (1) c) | G90: A központi rendszerekre vonatkozó speciális rendelkezések | H90: =HYPERLINK("#'Forrásszöveg'!A"&(MATCH("TV-S0399",Forrásszöveg!$A$6:$A$2497,0)+5),"18. § eleje") -> 18. § eleje
A91: F-TV-0404 | B91: Központi rendszer felett rendelkezési jogot gyakorló szervezet | C91: Felhasználói hiányosságok pótlására felszólítás, szükség esetén hatóság tájékoztatása | D91: Ellenőrzés során feltárt hiányosság esetén; a felszólítás határidőt tartalmaz. | E91: A tétel jogalapjában nincs külön időpont kiemelve. | F91: =HYPERLINK("#'Forrásszöveg'!A"&(MATCH("TV-S0404",Forrásszöveg!$A$6:$A$2497,0)+5),"Tv. 18. § (1) e)") -> Tv. 18. § (1) e) | G91: A központi rendszerekre vonatkozó speciális rendelkezések | H91: =HYPERLINK("#'Forrásszöveg'!A"&(MATCH("TV-S0399",Forrásszöveg!$A$6:$A$2497,0)+5),"18. § eleje") -> 18. § eleje
A92: F-TV-0406 | B92: Központi rendszer felett rendelkezési jogot gyakorló szervezet | C92: Felhasználó értesítése tervezett eseményről | D92: A hivatkozott rendelkezés és az alkalmazandó hatályszabályok szerint. | E92: Legalább 5 nappal az esemény előtt. | F92: =HYPERLINK("#'Forrásszöveg'!A"&(MATCH("TV-S0406",Forrásszöveg!$A$6:$A$2497,0)+5),"Tv. 18. § (1) f) fa)") -> Tv. 18. § (1) f) fa) | G92: A központi rendszerekre vonatkozó speciális rendelkezések | H92: =HYPERLINK("#'Forrásszöveg'!A"&(MATCH("TV-S0399",Forrásszöveg!$A$6:$A$2497,0)+5),"18. § eleje") -> 18. § eleje
A93: F-TV-0407 | B93: Központi rendszer felett rendelkezési jogot gyakorló szervezet | C93: Felhasználó soron kívüli tájékoztatása incidensről | D93: A hivatkozott rendelkezés és az alkalmazandó hatályszabályok szerint. | E93: A tétel jogalapjában nincs külön időpont kiemelve. | F93: =HYPERLINK("#'Forrásszöveg'!A"&(MATCH("TV-S0407",Forrásszöveg!$A$6:$A$2497,0)+5),"Tv. 18. § (1) f) fb)") -> Tv. 18. § (1) f) fb) | G93: A központi rendszerekre vonatkozó speciális rendelkezések | H93: =HYPERLINK("#'Forrásszöveg'!A"&(MATCH("TV-S0399",Forrásszöveg!$A$6:$A$2497,0)+5),"18. § eleje") -> 18. § eleje
A94: F-TV-0408 | B94: Központi rendszer felett rendelkezési jogot gyakorló szervezet | C94: Felhasználó tájékoztatása a szükséges megelőző és helyreállító intézkedésekről | D94: A hivatkozott rendelkezés és az alkalmazandó hatályszabályok szerint. | E94: A tétel jogalapjában nincs külön időpont kiemelve. | F94: =HYPERLINK("#'Forrásszöveg'!A"&(MATCH("TV-S0408",Forrásszöveg!$A$6:$A$2497,0)+5),"Tv. 18. § (1) f) fc)") -> Tv. 18. § (1) f) fc) | G94: A központi rendszerekre vonatkozó speciális rendelkezések | H94: =HYPERLINK("#'Forrásszöveg'!A"&(MATCH("TV-S0399",Forrásszöveg!$A$6:$A$2497,0)+5),"18. § eleje") -> 18. § eleje
A95: F-TV-0409 | B95: Központi rendszer felett rendelkezési jogot gyakorló szervezet | C95: Központi rendszert érintő vizsgálati hibák kijavítása | D95: A hivatkozott rendelkezés és az alkalmazandó hatályszabályok szerint. | E95: A tétel jogalapjában nincs külön időpont kiemelve. | F95: =HYPERLINK("#'Forrásszöveg'!A"&(MATCH("TV-S0409",Forrásszöveg!$A$6:$A$2497,0)+5),"Tv. 18. § (1) f) fd)") -> Tv. 18. § (1) f) fd) | G95: A központi rendszerekre vonatkozó speciális rendelkezések | H95: =HYPERLINK("#'Forrásszöveg'!A"&(MATCH("TV-S0399",Forrásszöveg!$A$6:$A$2497,0)+5),"18. § eleje") -> 18. § eleje
A96: F-TV-0410 | B96: Központi rendszer felett rendelkezési jogot gyakorló szervezet | C96: Fenyegetések és incidensközeli helyzetek bejelentése | D96: A hivatkozott rendelkezés és az alkalmazandó hatályszabályok szerint. | E96: A tétel jogalapjában nincs külön időpont kiemelve. | F96: =HYPERLINK("#'Forrásszöveg'!A"&(MATCH("TV-S0410",Forrásszöveg!$A$6:$A$2497,0)+5),"Tv. 18. § (1) g)") -> Tv. 18. § (1) g) | G96: A központi rendszerekre vonatkozó speciális rendelkezések | H96: =HYPERLINK("#'Forrásszöveg'!A"&(MATCH("TV-S0399",Forrásszöveg!$A$6:$A$2497,0)+5),"18. § eleje") -> 18. § eleje
A97: F-TV-0411 | B97: Központi rendszer felett rendelkezési jogot gyakorló szervezet | C97: Incidenskezelő központ által előírt intézkedések végrehajtása | D97: A hivatkozott rendelkezés és az alkalmazandó hatályszabályok szerint. | E97: A tétel jogalapjában nincs külön időpont kiemelve. | F97: =HYPERLINK("#'Forrásszöveg'!A"&(MATCH("TV-S0411",Forrásszöveg!$A$6:$A$2497,0)+5),"Tv. 18. § (1) h)") -> Tv. 18. § (1) h) | G97: A központi rendszerekre vonatkozó speciális rendelkezések | H97: =HYPERLINK("#'Forrásszöveg'!A"&(MATCH("TV-S0399",Forrásszöveg!$A$6:$A$2497,0)+5),"18. § eleje") -> 18. § eleje
A98: F-TV-0413 | B98: Felhasználó szervezet | C98: Központi rendszer használatának bejelentése | D98: A hivatkozott rendelkezés és az alkalmazandó hatályszabályok szerint. | E98: A tétel jogalapjában nincs külön időpont kiemelve. | F98: =HYPERLINK("#'Forrásszöveg'!A"&(MATCH("TV-S0413",Forrásszöveg!$A$6:$A$2497,0)+5),"Tv. 18. § (2) a)") -> Tv. 18. § (2) a) | G98: A központi rendszerekre vonatkozó speciális rendelkezések | H98: =HYPERLINK("#'Forrásszöveg'!A"&(MATCH("TV-S0399",Forrásszöveg!$A$6:$A$2497,0)+5),"18. § eleje") -> 18. § eleje
A99: F-TV-0414 | B99: Felhasználó szervezet | C99: Központi rendszer biztonsági követelményeinek teljesítése és IBSZ-ben rögzítése | D99: A hivatkozott rendelkezés és az alkalmazandó hatályszabályok szerint. | E99: A tétel jogalapjában nincs külön időpont kiemelve. | F99: =HYPERLINK("#'Forrásszöveg'!A"&(MATCH("TV-S0414",Forrásszöveg!$A$6:$A$2497,0)+5),"Tv. 18. § (2) b)") -> Tv. 18. § (2) b) | G99: A központi rendszerekre vonatkozó speciális rendelkezések | H99: =HYPERLINK("#'Forrásszöveg'!A"&(MATCH("TV-S0399",Forrásszöveg!$A$6:$A$2497,0)+5),"18. § eleje") -> 18. § eleje
A100: F-TV-0415 | B100: Felhasználó szervezet | C100: Központi rendszert érintő incidensek bejelentése | D100: A hivatkozott rendelkezés és az alkalmazandó hatályszabályok szerint. | E100: A tétel jogalapjában nincs külön időpont kiemelve. | F100: =HYPERLINK("#'Forrásszöveg'!A"&(MATCH("TV-S0415",Forrásszöveg!$A$6:$A$2497,0)+5),"Tv. 18. § (2) c)") -> Tv. 18. § (2) c) | G100: A központi rendszerekre vonatkozó speciális rendelkezések | H100: =HYPERLINK("#'Forrásszöveg'!A"&(MATCH("TV-S0399",Forrásszöveg!$A$6:$A$2497,0)+5),"18. § eleje") -> 18. § eleje
A101: F-TV-0416 | B101: Központi rendszer szolgáltatója és felhasználója | C101: Szolgáltatási szerződés kötése a feladat- és felelősségmegosztáshoz | D101: Önkéntes igénybevételnél, illetve a bekezdés szerinti jogszabályi rendezés hiányában. | E101: A tétel jogalapjában nincs külön időpont kiemelve. | F101: =HYPERLINK("#'Forrásszöveg'!A"&(MATCH("TV-S0416",Forrásszöveg!$A$6:$A$2497,0)+5),"Tv. 18. § (3)") -> Tv. 18. § (3) | G101: A központi rendszerekre vonatkozó speciális rendelkezések | H101: =HYPERLINK("#'Forrásszöveg'!A"&(MATCH("TV-S0399",Forrásszöveg!$A$6:$A$2497,0)+5),"18. § eleje") -> 18. § eleje
A102: F-TV-0417 | B102: Nemzeti kiberbiztonsági hatóság | C102: Központi rendszerek nyilvántartásának vezetése | D102: A hivatkozott rendelkezés és az alkalmazandó hatályszabályok szerint. | E102: A tétel jogalapjában nincs külön időpont kiemelve. | F102: =HYPERLINK("#'Forrásszöveg'!A"&(MATCH("TV-S0417",Forrásszöveg!$A$6:$A$2497,0)+5),"Tv. 18. § (4)") -> Tv. 18. § (4) | G102: A központi rendszerekre vonatkozó speciális rendelkezések | H102: =HYPERLINK("#'Forrásszöveg'!A"&(MATCH("TV-S0399",Forrásszöveg!$A$6:$A$2497,0)+5),"18. § eleje") -> 18. § eleje
...

Sheet Jogok
A2: Jogok, lehetőségek és hatáskörök | H2: =HYPERLINK("#'Áttekintő'!A1","Áttekintő") -> Áttekintő
A3: Első tételes kivonat, nem teljes körű. Szűrés: érintett vagy téma; a jogalapra kattintva a pontos szöveg nyílik meg.
A5: Azonosító | B5: Érintett | C5: Jog / hatáskör röviden | D5: Feltétel / kivétel | E5: Időzítés | F5: Jogalap | G5: Téma | H5: Teljes §
A6: J-TV-0274 | B6: Szervezet | C6: Tanúsított IKT-termék vagy szolgáltatás alkalmazása megfelelés igazolására | D6: Ha rendelkezésre áll; nem azonos a 6. § (9) kötelező alkalmazási esetével. | E6: A tétel jogalapjában nincs külön időpont kiemelve. | F6: =HYPERLINK("#'Forrásszöveg'!A"&(MATCH("TV-S0274",Forrásszöveg!$A$6:$A$2497,0)+5),"Tv. 6. § (8)") -> Tv. 6. § (8) | G6: Az alapvető és fontos szervezetek általános kötelezettségei | H6: =HYPERLINK("#'Forrásszöveg'!A"&(MATCH("TV-S0240",Forrásszöveg!$A$6:$A$2497,0)+5),"6. § eleje") -> 6. § eleje
A7: J-TV-0306 | B7: Szervezet | C7: Kiberbiztonsági információmegosztási megállapodás kötése | D7: Honvédelmi célú EIR-re vonatkozó információ kivételével; miniszteri részletszabály szerint. | E7: A tétel jogalapjában nincs külön időpont kiemelve. | F7: =HYPERLINK("#'Forrásszöveg'!A"&(MATCH("TV-S0306",Forrásszöveg!$A$6:$A$2497,0)+5),"Tv. 8. § (7)") -> Tv. 8. § (7) | G7: Az alapvető és fontos szervezetek általános kötelezettségei | H7: =HYPERLINK("#'Forrásszöveg'!A"&(MATCH("TV-S0285",Forrásszöveg!$A$6:$A$2497,0)+5),"8. § eleje") -> 8. § eleje
A8: J-TV-0311 | B8: Szervezet | C8: Nem privát felhő vagy külföldi adatkezelés igénybevétele | D8: A 9. § (4) szerinti kör, adatosztályozás eredményére figyelemmel; más jogszabály tilalma vagy korlátozása mellett. | E8: A tétel jogalapjában nincs külön időpont kiemelve. | F8: =HYPERLINK("#'Forrásszöveg'!A"&(MATCH("TV-S0311",Forrásszöveg!$A$6:$A$2497,0)+5),"Tv. 9. § (4)") -> Tv. 9. § (4) | G8: Adatosztályozás | H8: =HYPERLINK("#'Forrásszöveg'!A"&(MATCH("TV-S0308",Forrásszöveg!$A$6:$A$2497,0)+5),"9. § eleje") -> 9. § eleje
A9: J-TV-0338 | B9: Szervezet vezetője | C9: Titoktartási kötelezettség alóli felmentés adása | D9: A biztonságért felelős személy tekintetében. | E9: A tétel jogalapjában nincs külön időpont kiemelve. | F9: =HYPERLINK("#'Forrásszöveg'!A"&(MATCH("TV-S0338",Forrásszöveg!$A$6:$A$2497,0)+5),"Tv. 11. § (7)") -> Tv. 11. § (7) | G9: Az elektronikus információs rendszer biztonságáért felelős személy | H9: =HYPERLINK("#'Forrásszöveg'!A"&(MATCH("TV-S0322",Forrásszöveg!$A$6:$A$2497,0)+5),"11. § eleje") -> 11. § eleje
A10: J-TV-0340 | B10: Elektronikus információs rendszer biztonságáért felelős személy | C10: Tájékoztatás kérése és szükséges adatok, dokumentumok megismerése | D10: A biztonsági követelmények teljesítésében közreműködőktől, a 11. § (9) szerinti körben. | E10: A tétel jogalapjában nincs külön időpont kiemelve. | F10: =HYPERLINK("#'Forrásszöveg'!A"&(MATCH("TV-S0340",Forrásszöveg!$A$6:$A$2497,0)+5),"Tv. 11. § (9)") -> Tv. 11. § (9) | G10: Az elektronikus információs rendszer biztonságáért felelős személy | H10: =HYPERLINK("#'Forrásszöveg'!A"&(MATCH("TV-S0322",Forrásszöveg!$A$6:$A$2497,0)+5),"11. § eleje") -> 11. § eleje
A11: J-TV-0341 | B11: Szervezet | C11: Helyettes kijelölése vagy megbízása | D11: Indokolt esetben, tartós távollét vagy akadályoztatás kezelésére. | E11: A tétel jogalapjában nincs külön időpont kiemelve. | F11: =HYPERLINK("#'Forrásszöveg'!A"&(MATCH("TV-S0341",Forrásszöveg!$A$6:$A$2497,0)+5),"Tv. 11. § (10)") -> Tv. 11. § (10) | G11: Az elektronikus információs rendszer biztonságáért felelős személy | H11: =HYPERLINK("#'Forrásszöveg'!A"&(MATCH("TV-S0322",Forrásszöveg!$A$6:$A$2497,0)+5),"11. § eleje") -> 11. § eleje
A12: J-TV-0342 | B12: Szervezet | C12: Információbiztonsági szervezeti egység létrehozása | D12: Ha a rendszerek száma, mérete vagy biztonsági igénye indokolja. | E12: A tétel jogalapjában nincs külön időpont kiemelve. | F12: =HYPERLINK("#'Forrásszöveg'!A"&(MATCH("TV-S0342",Forrásszöveg!$A$6:$A$2497,0)+5),"Tv. 11. § (11)") -> Tv. 11. § (11) | G12: Az elektronikus információs rendszer biztonságáért felelős személy | H12: =HYPERLINK("#'Forrásszöveg'!A"&(MATCH("TV-S0322",Forrásszöveg!$A$6:$A$2497,0)+5),"11. § eleje") -> 11. § eleje
A13: J-TV-0347 | B13: Nemzeti kiberbiztonsági hatóság | C13: Büntetlen előélet vizsgálata és bűnügyi adat igénylése | D13: A felelős személy 11. § (3) a) szerinti követelménye ellenőrzésére. | E13: A tétel jogalapjában nincs külön időpont kiemelve. | F13: =HYPERLINK("#'Forrásszöveg'!A"&(MATCH("TV-S0347",Forrásszöveg!$A$6:$A$2497,0)+5),"Tv. 11. § (16)") -> Tv. 11. § (16) | G13: Az elektronikus információs rendszer biztonságáért felelős személy | H13: =HYPERLINK("#'Forrásszöveg'!A"&(MATCH("TV-S0322",Forrásszöveg!$A$6:$A$2497,0)+5),"11. § eleje") -> 11. § eleje
A14: J-TV-0367 | B14: Nemzeti kiberbiztonsági hatóság | C14: Sérülékenységvizsgálat elrendelése | D14: Tv. 13. § szerinti fejlesztési eljárás során. | E14: A tétel jogalapjában nincs külön időpont kiemelve. | F14: =HYPERLINK("#'Forrásszöveg'!A"&(MATCH("TV-S0367",Forrásszöveg!$A$6:$A$2497,0)+5),"Tv. 13. § (7)") -> Tv. 13. § (7) | G14: Az elektronikus információs rendszer fejlesztése, továbbfejlesztése | H14: =HYPERLINK("#'Forrásszöveg'!A"&(MATCH("TV-S0357",Forrásszöveg!$A$6:$A$2497,0)+5),"13. § eleje") -> 13. § eleje
A15: J-TV-0381 | B15: Kiberbiztonsági hatóság | C15: Sérülékenységvizsgálat elrendelése | D15: Tv. 14. § szerinti esetben, indokoltan. | E15: A tétel jogalapjában nincs külön időpont kiemelve. | F15: =HYPERLINK("#'Forrásszöveg'!A"&(MATCH("TV-S0381",Forrásszöveg!$A$6:$A$2497,0)+5),"Tv. 14. § (4)") -> Tv. 14. § (4) | G15: Az elektronikus információs rendszer fejlesztése, továbbfejlesztése | H15: =HYPERLINK("#'Forrásszöveg'!A"&(MATCH("TV-S0373",Forrásszöveg!$A$6:$A$2497,0)+5),"14. § eleje") -> 14. § eleje
A16: J-TV-0403 | B16: Központi rendszer felett rendelkezési jogot gyakorló szervezet | C16: Felhasználói követelmények végrehajtásának ellenőrzése | D16: Tv. 18. § (1) c) szerinti követelmények. | E16: A tétel jogalapjában nincs külön időpont kiemelve. | F16: =HYPERLINK("#'Forrásszöveg'!A"&(MATCH("TV-S0403",Forrásszöveg!$A$6:$A$2497,0)+5),"Tv. 18. § (1) d)") -> Tv. 18. § (1) d) | G16: A központi rendszerekre vonatkozó speciális rendelkezések | H16: =HYPERLINK("#'Forrásszöveg'!A"&(MATCH("TV-S0399",Forrásszöveg!$A$6:$A$2497,0)+5),"18. § eleje") -> 18. § eleje
A17: J-TV-0418 | B17: Nemzeti kiberbiztonsági hatóság | C17: Központi rendszer követelményeinek ellenőrzése | D17: Mind a szolgáltatónál, mind a felhasználónál. | E17: A tétel jogalapjában nincs külön időpont kiemelve. | F17: =HYPERLINK("#'Forrásszöveg'!A"&(MATCH("TV-S0418",Forrásszöveg!$A$6:$A$2497,0)+5),"Tv. 18. § (5)") -> Tv. 18. § (5) | G17: A központi rendszerekre vonatkozó speciális rendelkezések | H17: =HYPERLINK("#'Forrásszöveg'!A"&(MATCH("TV-S0399",Forrásszöveg!$A$6:$A$2497,0)+5),"18. § eleje") -> 18. § eleje
A18: J-TV-0939 | B18: Szervezet | C18: Prevenciós eszközök alkalmazásának kezdeményezése | D18: Tv. 1. § (1) szerinti kör; saját költségen; a központ mérlegelésével. | E18: A tétel jogalapjában nincs külön időpont kiemelve. | F18: =HYPERLINK("#'Forrásszöveg'!A"&(MATCH("TV-S0939",Forrásszöveg!$A$6:$A$2497,0)+5),"Tv. 65. § (2)") -> Tv. 65. § (2) | G18: A kiberbiztonsági incidensek megelőzése | H18: =HYPERLINK("#'Forrásszöveg'!A"&(MATCH("TV-S0938",Forrásszöveg!$A$6:$A$2497,0)+5),"65. § eleje") -> 65. § eleje
A19: J-TV-0942 | B19: Szervezet | C19: Fenyegetettségi információmegosztó rendszerhez csatlakozás kezdeményezése | D19: Tv. 1. § (1) a)–c) szerinti kör; központi hozzájárulás szükséges. | E19: A tétel jogalapjában nincs külön időpont kiemelve. | F19: =HYPERLINK("#'Forrásszöveg'!A"&(MATCH("TV-S0942",Forrásszöveg!$A$6:$A$2497,0)+5),"Tv. 65. § (5)") -> Tv. 65. § (5) | G19: A kiberbiztonsági incidensek megelőzése | H19: =HYPERLINK("#'Forrásszöveg'!A"&(MATCH("TV-S0938",Forrásszöveg!$A$6:$A$2497,0)+5),"65. § eleje") -> 65. § eleje
A20: J-TV-0949 | B20: Szervezet | C20: Küszöböt el nem érő incidens önkéntes bejelentése | D20: Tv. 1. § (1) d)–e), a 66. § (2) alá nem eső incidens. | E20: A tétel jogalapjában nincs külön időpont kiemelve. | F20: =HYPERLINK("#'Forrásszöveg'!A"&(MATCH("TV-S0949",Forrásszöveg!$A$6:$A$2497,0)+5),"Tv. 66. § (3)") -> Tv. 66. § (3) | G20: A kiberbiztonsági incidensek bejelentése és kezelése | H20: =HYPERLINK("#'Forrásszöveg'!A"&(MATCH("TV-S0947",Forrásszöveg!$A$6:$A$2497,0)+5),"66. § eleje") -> 66. § eleje
A21: J-TV-0953 | B21: Tv. 1. § (10) hatályán kívüli szervezet vagy személy | C21: Önkéntes eseménybejelentés | D21: A magyar kibertér biztonságára jelentős hatással bíró vagy bíróvá válható esemény. | E21: A tétel jogalapjában nincs külön időpont kiemelve. | F21: =HYPERLINK("#'Forrásszöveg'!A"&(MATCH("TV-S0953",Forrásszöveg!$A$6:$A$2497,0)+5),"Tv. 67. § (1)") -> Tv. 67. § (1) | G21: A kiberbiztonsági incidensek bejelentése és kezelése | H21: =HYPERLINK("#'Forrásszöveg'!A"&(MATCH("TV-S0953",Forrásszöveg!$A$6:$A$2497,0)+5),"67. § eleje") -> 67. § eleje
A22: J-TV-0956 | B22: Önkéntes bejelentő | C22: Védelem az önkéntes bejelentés miatti új kötelezettség előírásával szemben | D22: Olyan kötelezettség nem írható elő, amely bejelentés nélkül nem vonatkozott volna rá. | E22: A tétel jogalapjában nincs külön időpont kiemelve. | F22: =HYPERLINK("#'Forrásszöveg'!A"&(MATCH("TV-S0956",Forrásszöveg!$A$6:$A$2497,0)+5),"Tv. 67. § (4)") -> Tv. 67. § (4) | G22: A kiberbiztonsági incidensek bejelentése és kezelése | H22: =HYPERLINK("#'Forrásszöveg'!A"&(MATCH("TV-S0953",Forrásszöveg!$A$6:$A$2497,0)+5),"67. § eleje") -> 67. § eleje
A23: J-VHR-0090 | B23: Szervezet vezetője | C23: Döntés külföldi adatkezelés vagy nem privát felhő mellett | D23: Tv. 1. § (1) a) szerinti kör; az elemzés és kilépési terv alapján megalapozott előny szükséges. | E23: A tétel jogalapjában nincs külön időpont kiemelve. | F23: =HYPERLINK("#'Forrásszöveg'!A"&(MATCH("VHR-S0090",Forrásszöveg!$A$6:$A$2497,0)+5),"Vhr. 3. § (4)") -> Vhr. 3. § (4) | G23: Adatosztályozás | H23: =HYPERLINK("#'Forrásszöveg'!A"&(MATCH("VHR-S0084",Forrásszöveg!$A$6:$A$2497,0)+5),"3. § eleje") -> 3. § eleje
A24: J-VHR-0121 | B24: Szervezet | C24: Közreműködő igénybevétele önálló gyakorlathoz | D24: A Központ honlapján közzétett módszertan szerinti gyakorlat. | E24: A tétel jogalapjában nincs külön időpont kiemelve. | F24: =HYPERLINK("#'Forrásszöveg'!A"&(MATCH("VHR-S0121",Forrásszöveg!$A$6:$A$2497,0)+5),"Vhr. 10. § (3)") -> Vhr. 10. § (3) | G24: Kiberbiztonsági gyakorlatok | H24: =HYPERLINK("#'Forrásszöveg'!A"&(MATCH("VHR-S0115",Forrásszöveg!$A$6:$A$2497,0)+5),"10. § eleje") -> 10. § eleje
A25: J-VHR-0137 | B25: Szervezet vezetője | C25: Büntetlen előélet ismételt igazolására kötelezés | D25: A biztonsági felelős szervezettel fennálló jogviszonya alatt. | E25: A tétel jogalapjában nincs külön időpont kiemelve. | F25: =HYPERLINK("#'Forrásszöveg'!A"&(MATCH("VHR-S0137",Forrásszöveg!$A$6:$A$2497,0)+5),"Vhr. 11. § (6)") -> Vhr. 11. § (6) | G25: Az elektronikus információs rendszer biztonságáért felelős személy | H25: =HYPERLINK("#'Forrásszöveg'!A"&(MATCH("VHR-S0126",Forrásszöveg!$A$6:$A$2497,0)+5),"11. § eleje") -> 11. § eleje
A26: J-VHR-0138 | B26: Elektronikus információs rendszer biztonságáért felelős személy | C26: Hatóság előtti képviselet | D26: Nyilvántartásba vételtől a képviseleti jog megszűnésének bejelentéséig vagy hivatalbóli törlésig. | E26: A tétel jogalapjában nincs külön időpont kiemelve. | F26: =HYPERLINK("#'Forrásszöveg'!A"&(MATCH("VHR-S0138",Forrásszöveg!$A$6:$A$2497,0)+5),"Vhr. 12. § (1)") -> Vhr. 12. § (1) | G26: Az elektronikus információs rendszer biztonságáért felelős személy | H26: =HYPERLINK("#'Forrásszöveg'!A"&(MATCH("VHR-S0138",Forrásszöveg!$A$6:$A$2497,0)+5),"12. § eleje") -> 12. § eleje
A27: J-VHR-0158 | B27: Nemzeti kiberbiztonsági hatóság | C27: Adatosztályozás és besorolás felülbírálata | D27: Indokolt esetben magasabb vagy alacsonyabb besorolás. | E27: A tétel jogalapjában nincs külön időpont kiemelve. | F27: =HYPERLINK("#'Forrásszöveg'!A"&(MATCH("VHR-S0158",Forrásszöveg!$A$6:$A$2497,0)+5),"Vhr. 13. § (3)") -> Vhr. 13. § (3) | G27: Elektronikus információs rendszer fejlesztése, továbbfejlesztése esetén követendő eljárásrend | H27: =HYPERLINK("#'Forrásszöveg'!A"&(MATCH("VHR-S0156",Forrásszöveg!$A$6:$A$2497,0)+5),"13. § eleje") -> 13. § eleje
A28: J-VHR-0565 | B28: Szervezet vezetője | C28: Észrevétel a vizsgálati állásfoglalás tervezetére | D28: Alapdokumentum eltérő rendelkezése hiányában egyszer, 8 napon belül; a vélemény elfogadásáról a vizsgáló dönt. | E28: A tétel jogalapjában nincs külön időpont kiemelve. | F28: =HYPERLINK("#'Forrásszöveg'!A"&(MATCH("VHR-S0565",Forrásszöveg!$A$6:$A$2497,0)+5),"Vhr. 62. § (3)") -> Vhr. 62. § (3) | G28: A sérülékenységvizsgálat lefolytatása | H28: =HYPERLINK("#'Forrásszöveg'!A"&(MATCH("VHR-S0542",Forrásszöveg!$A$6:$A$2497,0)+5),"62. § eleje") -> 62. § eleje
A29: J-VHR-0572 | B29: Szervezet | C29: Alacsony besorolású sérülékenység felvállalása | D29: A vizsgálati módszertan szerinti alacsony besorolás; indokolási kötelezettség nélkül. | E29: A tétel jogalapjában nincs külön időpont kiemelve. | F29: =HYPERLINK("#'Forrásszöveg'!A"&(MATCH("VHR-S0572",Forrásszöveg!$A$6:$A$2497,0)+5),"Vhr. 63. § (3)") -> Vhr. 63. § (3) | G29: A sérülékenységvizsgálat lefolytatása | H29: =HYPERLINK("#'Forrásszöveg'!A"&(MATCH("VHR-S0568",Forrásszöveg!$A$6:$A$2497,0)+5),"63. § eleje") -> 63. § eleje
A30: J-VHR-0579 | B30: Szervezet | C30: Utóvizsgálat saját kezdeményezése | D30: A még meg nem küldött sérülékenységkezelési tervet egyidejűleg meg kell küldeni. | E30: A tétel jogalapjában nincs külön időpont kiemelve. | F30: =HYPERLINK("#'Forrásszöveg'!A"&(MATCH("VHR-S0579",Forrásszöveg!$A$6:$A$2497,0)+5),"Vhr. 64. § (4)") -> Vhr. 64. § (4) | G30: Az utóvizsgálat | H30: =HYPERLINK("#'Forrásszöveg'!A"&(MATCH("VHR-S0576",Forrásszöveg!$A$6:$A$2497,0)+5),"64. § eleje") -> 64. § eleje
A31: J-VHR-0193 | B31: Nemzeti kiberbiztonsági hatóság | C31: Besorolás, védelmi intézkedések és eljárási szabályok ellenőrzése | D31: Vhr. 17. § (1) adott pontja szerinti feltételekkel és kivételekkel. | E31: A tétel jogalapjában nincs külön időpont kiemelve. | F31: =HYPERLINK("#'Forrásszöveg'!A"&(MATCH("VHR-S0193",Forrásszöveg!$A$6:$A$2497,0)+5),"Vhr. 17. § (1) a)") -> Vhr. 17. § (1) a) | G31: A nemzeti kiberbiztonsági hatóságra vonatkozó általános rendelkezések | H31: =HYPERLINK("#'Forrásszöveg'!A"&(MATCH("VHR-S0192",Forrásszöveg!$A$6:$A$2497,0)+5),"17. § eleje") -> 17. § eleje
A32: J-VHR-0194 | B32: Nemzeti kiberbiztonsági hatóság | C32: Minimális védelmi intézkedések meghatározása | D32: Vhr. 17. § (1) adott pontja szerinti feltételekkel és kivételekkel. | E32: A tétel jogalapjában nincs külön időpont kiemelve. | F32: =HYPERLINK("#'Forrásszöveg'!A"&(MATCH("VHR-S0194",Forrásszöveg!$A$6:$A$2497,0)+5),"Vhr. 17. § (1) b)") -> Vhr. 17. § (1) b) | G32: A nemzeti kiberbiztonsági hatóságra vonatkozó általános rendelkezések | H32: =HYPERLINK("#'Forrásszöveg'!A"&(MATCH("VHR-S0192",Forrásszöveg!$A$6:$A$2497,0)+5),"17. § eleje") -> 17. § eleje
A33: J-VHR-0195 | B33: Nemzeti kiberbiztonsági hatóság | C33: További biztonsági követelmények meghatározása | D33: Vhr. 17. § (1) adott pontja szerinti feltételekkel és kivételekkel. | E33: A tétel jogalapjában nincs külön időpont kiemelve. | F33: =HYPERLINK("#'Forrásszöveg'!A"&(MATCH("VHR-S0195",Forrásszöveg!$A$6:$A$2497,0)+5),"Vhr. 17. § (1) c)") -> Vhr. 17. § (1) c) | G33: A nemzeti kiberbiztonsági hatóságra vonatkozó általános rendelkezések | H33: =HYPERLINK("#'Forrásszöveg'!A"&(MATCH("VHR-S0192",Forrásszöveg!$A$6:$A$2497,0)+5),"17. § eleje") -> 17. § eleje
A34: J-VHR-0196 | B34: Nemzeti kiberbiztonsági hatóság | C34: Tájékoztatás kérése kockázatkezelésről és bejelentésekről | D34: Vhr. 17. § (1) adott pontja szerinti feltételekkel és kivételekkel. | E34: A tétel jogalapjában nincs külön időpont kiemelve. | F34: =HYPERLINK("#'Forrásszöveg'!A"&(MATCH("VHR-S0196",Forrásszöveg!$A$6:$A$2497,0)+5),"Vhr. 17. § (1) d)") -> Vhr. 17. § (1) d) | G34: A nemzeti kiberbiztonsági hatóságra vonatkozó általános rendelkezések | H34: =HYPERLINK("#'Forrásszöveg'!A"&(MATCH("VHR-S0192",Forrásszöveg!$A$6:$A$2497,0)+5),"17. § eleje") -> 17. § eleje
A35: J-VHR-0197 | B35: Nemzeti kiberbiztonsági hatóság | C35: Auditbizonyítékok bekérése, hozzáférés és felülvizsgálat | D35: Vhr. 17. § (1) adott pontja szerinti feltételekkel és kivételekkel. | E35: A tétel jogalapjában nincs külön időpont kiemelve. | F35: =HYPERLINK("#'Forrásszöveg'!A"&(MATCH("VHR-S0197",Forrásszöveg!$A$6:$A$2497,0)+5),"Vhr. 17. § (1) e)") -> Vhr. 17. § (1) e) | G35: A nemzeti kiberbiztonsági hatóságra vonatkozó általános rendelkezések | H35: =HYPERLINK("#'Forrásszöveg'!A"&(MATCH("VHR-S0192",Forrásszöveg!$A$6:$A$2497,0)+5),"17. § eleje") -> 17. § eleje
A36: J-VHR-0198 | B36: Nemzeti kiberbiztonsági hatóság | C36: Rendszeres, eseti és célzott biztonsági ellenőrzés | D36: Vhr. 17. § (1) adott pontja szerinti feltételekkel és kivételekkel. | E36: A tétel jogalapjában nincs külön időpont kiemelve. | F36: =HYPERLINK("#'Forrásszöveg'!A"&(MATCH("VHR-S0198",Forrásszöveg!$A$6:$A$2497,0)+5),"Vhr. 17. § (1) f)") -> Vhr. 17. § (1) f) | G36: A nemzeti kiberbiztonsági hatóságra vonatkozó általános rendelkezések | H36: =HYPERLINK("#'Forrásszöveg'!A"&(MATCH("VHR-S0192",Forrásszöveg!$A$6:$A$2497,0)+5),"17. § eleje") -> 17. § eleje
A37: J-VHR-0199 | B37: Nemzeti kiberbiztonsági hatóság | C37: Felügyeleti adatokhoz hozzáférés, bekérés és felülvizsgálat elrendelése | D37: Vhr. 17. § (1) adott pontja szerinti feltételekkel és kivételekkel. | E37: A tétel jogalapjában nincs külön időpont kiemelve. | F37: =HYPERLINK("#'Forrásszöveg'!A"&(MATCH("VHR-S0199",Forrásszöveg!$A$6:$A$2497,0)+5),"Vhr. 17. § (1) g)") -> Vhr. 17. § (1) g) | G37: A nemzeti kiberbiztonsági hatóságra vonatkozó általános rendelkezések | H37: =HYPERLINK("#'Forrásszöveg'!A"&(MATCH("VHR-S0192",Forrásszöveg!$A$6:$A$2497,0)+5),"17. § eleje") -> 17. § eleje
A38: J-VHR-0200 | B38: Nemzeti kiberbiztonsági hatóság | C38: Független értékelő igénybevétele és jelentések figyelembevétele | D38: Vhr. 17. § (1) adott pontja szerinti feltételekkel és kivételekkel. | E38: A tétel jogalapjában nincs külön időpont kiemelve. | F38: =HYPERLINK("#'Forrásszöveg'!A"&(MATCH("VHR-S0200",Forrásszöveg!$A$6:$A$2497,0)+5),"Vhr. 17. § (1) h)") -> Vhr. 17. § (1) h) | G38: A nemzeti kiberbiztonsági hatóságra vonatkozó általános rendelkezések | H38: =HYPERLINK("#'Forrásszöveg'!A"&(MATCH("VHR-S0192",Forrásszöveg!$A$6:$A$2497,0)+5),"17. § eleje") -> 17. § eleje
A39: J-VHR-0201 | B39: Nemzeti kiberbiztonsági hatóság | C39: Biztonsági tanúsítványok figyelembevétele | D39: Vhr. 17. § (1) adott pontja szerinti feltételekkel és kivételekkel. | E39: A tétel jogalapjában nincs külön időpont kiemelve. | F39: =HYPERLINK("#'Forrásszöveg'!A"&(MATCH("VHR-S0201",Forrásszöveg!$A$6:$A$2497,0)+5),"Vhr. 17. § (1) i)") -> Vhr. 17. § (1) i) | G39: A nemzeti kiberbiztonsági hatóságra vonatkozó általános rendelkezések | H39: =HYPERLINK("#'Forrásszöveg'!A"&(MATCH("VHR-S0192",Forrásszöveg!$A$6:$A$2497,0)+5),"17. § eleje") -> 17. § eleje
A40: J-VHR-0202 | B40: Nemzeti kiberbiztonsági hatóság | C40: Uniós követelmények megfelelésének elismerése a miniszteri követelményekhez | D40: Vhr. 17. § (1) adott pontja szerinti feltételekkel és kivételekkel. | E40: A tétel jogalapjában nincs külön időpont kiemelve. | F40: =HYPERLINK("#'Forrásszöveg'!A"&(MATCH("VHR-S0202",Forrásszöveg!$A$6:$A$2497,0)+5),"Vhr. 17. § (1) j)") -> Vhr. 17. § (1) j) | G40: A nemzeti kiberbiztonsági hatóságra vonatkozó általános rendelkezések | H40: =HYPERLINK("#'Forrásszöveg'!A"&(MATCH("VHR-S0192",Forrásszöveg!$A$6:$A$2497,0)+5),"17. § eleje") -> 17. § eleje
A41: J-VHR-0203 | B41: Nemzeti kiberbiztonsági hatóság | C41: Hiányosságmegszüntető intézkedések elrendelése és ellenőrzése | D41: Vhr. 17. § (1) adott pontja szerinti feltételekkel és kivételekkel. | E41: A tétel jogalapjában nincs külön időpont kiemelve. | F41: =HYPERLINK("#'Forrásszöveg'!A"&(MATCH("VHR-S0203",Forrásszöveg!$A$6:$A$2497,0)+5),"Vhr. 17. § (1) k)") -> Vhr. 17. § (1) k) | G41: A nemzeti kiberbiztonsági hatóságra vonatkozó általános rendelkezések | H41: =HYPERLINK("#'Forrásszöveg'!A"&(MATCH("VHR-S0192",Forrásszöveg!$A$6:$A$2497,0)+5),"17. § eleje") -> 17. § eleje
A42: J-VHR-0204 | B42: Nemzeti kiberbiztonsági hatóság | C42: Szabványra, tanúsított termékre és bizalmi szolgáltatásra iránymutatás | D42: Vhr. 17. § (1) adott pontja szerinti feltételekkel és kivételekkel. | E42: A tétel jogalapjában nincs külön időpont kiemelve. | F42: =HYPERLINK("#'Forrásszöveg'!A"&(MATCH("VHR-S0204",Forrásszöveg!$A$6:$A$2497,0)+5),"Vhr. 17. § (1) l)") -> Vhr. 17. § (1) l) | G42: A nemzeti kiberbiztonsági hatóságra vonatkozó általános rendelkezések | H42: =HYPERLINK("#'Forrásszöveg'!A"&(MATCH("VHR-S0192",Forrásszöveg!$A$6:$A$2497,0)+5),"17. § eleje") -> 17. § eleje
A43: J-VHR-0205 | B43: Nemzeti kiberbiztonsági hatóság | C43: Használati jóváhagyáskor helyszíni ellenőrzés és sérülékenységvizsgálat | D43: Vhr. 17. § (1) adott pontja szerinti feltételekkel és kivételekkel. | E43: A tétel jogalapjában nincs külön időpont kiemelve. | F43: =HYPERLINK("#'Forrásszöveg'!A"&(MATCH("VHR-S0205",Forrásszöveg!$A$6:$A$2497,0)+5),"Vhr. 17. § (1) m)") -> Vhr. 17. § (1) m) | G43: A nemzeti kiberbiztonsági hatóságra vonatkozó általános rendelkezések | H43: =HYPERLINK("#'Forrásszöveg'!A"&(MATCH("VHR-S0192",Forrásszöveg!$A$6:$A$2497,0)+5),"17. § eleje") -> 17. § eleje
A44: J-VHR-0206 | B44: Nemzeti kiberbiztonsági hatóság | C44: Központi megkeresésre sérülékenységkezelés elrendelése | D44: Vhr. 17. § (1) adott pontja szerinti feltételekkel és kivételekkel. | E44: A tétel jogalapjában nincs külön időpont kiemelve. | F44: =HYPERLINK("#'Forrásszöveg'!A"&(MATCH("VHR-S0206",Forrásszöveg!$A$6:$A$2497,0)+5),"Vhr. 17. § (1) n)") -> Vhr. 17. § (1) n) | G44: A nemzeti kiberbiztonsági hatóságra vonatkozó általános rendelkezések | H44: =HYPERLINK("#'Forrásszöveg'!A"&(MATCH("VHR-S0192",Forrásszöveg!$A$6:$A$2497,0)+5),"17. § eleje") -> 17. § eleje
A45: J-VHR-0799 | B45: Szervezet | C45: Technikai támogatás kérése a Központtól | D45: Az érintett szervezet kérésére a Központ technikai támogatást nyújt. | E45: A tétel jogalapjában nincs külön időpont kiemelve. | F45: =HYPERLINK("#'Forrásszöveg'!A"&(MATCH("VHR-S0799",Forrásszöveg!$A$6:$A$2497,0)+5),"Vhr. 79. § (2)") -> Vhr. 79. § (2) | G45: Kiberbiztonsági incidensek kezelése és vizsgálata | H45: =HYPERLINK("#'Forrásszöveg'!A"&(MATCH("VHR-S0798",Forrásszöveg!$A$6:$A$2497,0)+5),"79. § eleje") -> 79. § eleje
A46: J-VHR-0834 | B46: Nemzeti kiberbiztonsági incidenskezelő központ | C46: Közvetítő szolgáltató folytonossági szabályzatainak megismerése | D46: Incidenskezelés során, szükség szerint; BCP és DRP is ideértve. | E46: A tétel jogalapjában nincs külön időpont kiemelve. | F46: =HYPERLINK("#'Forrásszöveg'!A"&(MATCH("VHR-S0834",Forrásszöveg!$A$6:$A$2497,0)+5),"Vhr. 86. § (1)") -> Vhr. 86. § (1) | G46: Kiberbiztonsági incidensek kezelése és vizsgálata | H46: =HYPERLINK("#'Forrásszöveg'!A"&(MATCH("VHR-S0834",Forrásszöveg!$A$6:$A$2497,0)+5),"86. § eleje") -> 86. § eleje

Sheet Fogalmak
A2: Jogszabályi fogalmak | D2: =HYPERLINK("#'Áttekintő'!A1","Áttekintő") -> Áttekintő
A3: Szó szerinti meghatározások. Más jogszabályra utaló definíciókat nem egészítettem ki külső tartalommal.
A5: Azonosító | B5: Fogalom | C5: Meghatározás | D5: Jogalap
A6: FOG-TV-S0094 | B6: adat | C6: az információ hordozója, a tények, fogalmak vagy utasítások formalizált ábrázolása, amely az emberek vagy automatikus eszközök számára közlésre, megjelenítésre vagy feldolgozásra alkalmas; | D6: =HYPERLINK("#'Forrásszöveg'!A"&(MATCH("TV-S0094",Forrásszöveg!$A$6:$A$2497,0)+5),"Tv. 4. § 1. pont") -> Tv. 4. § 1. pont
A7: FOG-TV-S0095 | B7: adatfeldolgozás | C7: az információs önrendelkezési jogról és az információszabadságról szóló törvény szerinti fogalom; | D7: =HYPERLINK("#'Forrásszöveg'!A"&(MATCH("TV-S0095",Forrásszöveg!$A$6:$A$2497,0)+5),"Tv. 4. § 2. pont") -> Tv. 4. § 2. pont
A8: FOG-TV-S0096 | B8: adatfeldolgozó | C8: az információs önrendelkezési jogról és az információszabadságról szóló törvény szerinti fogalom; | D8: =HYPERLINK("#'Forrásszöveg'!A"&(MATCH("TV-S0096",Forrásszöveg!$A$6:$A$2497,0)+5),"Tv. 4. § 3. pont") -> Tv. 4. § 3. pont
A9: FOG-TV-S0097 | B9: adatkezelés | C9: az információs önrendelkezési jogról és az információszabadságról szóló törvény szerinti fogalom; | D9: =HYPERLINK("#'Forrásszöveg'!A"&(MATCH("TV-S0097",Forrásszöveg!$A$6:$A$2497,0)+5),"Tv. 4. § 4. pont") -> Tv. 4. § 4. pont
A10: FOG-TV-S0098 | B10: adatkezelő | C10: az információs önrendelkezési jogról és az információszabadságról szóló törvény szerinti fogalom; | D10: =HYPERLINK("#'Forrásszöveg'!A"&(MATCH("TV-S0098",Forrásszöveg!$A$6:$A$2497,0)+5),"Tv. 4. § 5. pont") -> Tv. 4. § 5. pont
A11: FOG-TV-S0099 | B11: adatkicserélő szolgáltatás | C11: az elektronikus hírközlésről szóló törvény szerinti fogalom; | D11: =HYPERLINK("#'Forrásszöveg'!A"&(MATCH("TV-S0099",Forrásszöveg!$A$6:$A$2497,0)+5),"Tv. 4. § 6. pont") -> Tv. 4. § 6. pont
A12: FOG-TV-S0100 | B12: adatközponti szolgáltatás | C12: olyan szolgáltatás, amely központosított elhelyezést, összeköttetést és működést biztosít adattároló, -feldolgozó és -továbbító információtechnológiai és hálózati berendezések számára, ideértve az energiaellátást és környezeti felügyeletet biztosító létesítményeket és infrastruktúrát is; | D12: =HYPERLINK("#'Forrásszöveg'!A"&(MATCH("TV-S0100",Forrásszöveg!$A$6:$A$2497,0)+5),"Tv. 4. § 7. pont") -> Tv. 4. § 7. pont
A13: FOG-TV-S0101 | B13: adatosztályozás | C13: a szervezet által az elektronikus információs rendszerben kezelt adatok és információk biztonsági besorolása azok bizalmasságának, sértetlenségének és rendelkezésre állásának szempontjából; | D13: =HYPERLINK("#'Forrásszöveg'!A"&(MATCH("TV-S0101",Forrásszöveg!$A$6:$A$2497,0)+5),"Tv. 4. § 8. pont") -> Tv. 4. § 8. pont
A14: FOG-TV-S0102 | B14: ágazaton belüli kiberbiztonsági incidenskezelő központ | C14: olyan kiberbiztonsági incidenskezelő központ, amelyet az e törvény hatálya alá tartozó egy vagy több, egy ágazathoz tartozó szervezet az ágazaton belül meghatározott szakterületen előforduló kiberbiztonsági incidenseinek a központosított és egységes kezelése érdekében üzemeltet; | D14: =HYPERLINK("#'Forrásszöveg'!A"&(MATCH("TV-S0102",Forrásszöveg!$A$6:$A$2497,0)+5),"Tv. 4. § 9. pont") -> Tv. 4. § 9. pont
A15: FOG-TV-S0103 | B15: auditor | C15: az e törvény szerinti kiberbiztonsági audittevékenység végzésére jogosult, független gazdálkodó szervezet; | D15: =HYPERLINK("#'Forrásszöveg'!A"&(MATCH("TV-S0103",Forrásszöveg!$A$6:$A$2497,0)+5),"Tv. 4. § 10. pont") -> Tv. 4. § 10. pont
A16: FOG-TV-S0104 | B16: behatolásvizsgálat | C16: olyan sérülékenységvizsgálati módszer, amelynek során az IKT-rendszer, valamint az elektronikus információs rendszer gyenge pontjainak feltárására és kihasználhatóságának ellenőrzésére kerül sor a biztonsági intézkedések elleni rosszindulatú támadások szimulációjával; | D16: =HYPERLINK("#'Forrásszöveg'!A"&(MATCH("TV-S0104",Forrásszöveg!$A$6:$A$2497,0)+5),"Tv. 4. § 11. pont") -> Tv. 4. § 11. pont
A17: FOG-TV-S0105 | B17: belső informatikai biztonsági vizsgálat | C17: olyan sérülékenységvizsgálati módszer, amelynek során az informatikai rendszer sérülékenységvizsgálata a belső hálózati végpontról közvetlenül történik, vagy a belső hálózatban használt eszköz, vagy rendszerelem vizsgálata kerül végrehajtásra; | D17: =HYPERLINK("#'Forrásszöveg'!A"&(MATCH("TV-S0105",Forrásszöveg!$A$6:$A$2497,0)+5),"Tv. 4. § 12. pont") -> Tv. 4. § 12. pont
A18: FOG-TV-S0106 | B18: bizalmasság | C18: az elektronikus információs rendszer azon tulajdonsága, hogy a benne tárolt adatot, információt csak az arra jogosultak és csak a jogosultságuk szintje szerint ismerhetik meg, használhatják fel, illetve rendelkezhetnek a felhasználásáról; | D18: =HYPERLINK("#'Forrásszöveg'!A"&(MATCH("TV-S0106",Forrásszöveg!$A$6:$A$2497,0)+5),"Tv. 4. § 13. pont") -> Tv. 4. § 13. pont
A19: FOG-TV-S0107 | B19: bizalmi szolgáltatás | C19: a digitális államról és a digitális szolgáltatások nyújtásának egyes szabályairól szóló törvény szerinti fogalom; | D19: =HYPERLINK("#'Forrásszöveg'!A"&(MATCH("TV-S0107",Forrásszöveg!$A$6:$A$2497,0)+5),"Tv. 4. § 14. pont") -> Tv. 4. § 14. pont
A20: FOG-TV-S0108 | B20: bizalmi szolgáltató | C20: a digitális államról és a digitális szolgáltatások nyújtásának egyes szabályairól szóló törvény szerinti fogalom; | D20: =HYPERLINK("#'Forrásszöveg'!A"&(MATCH("TV-S0108",Forrásszöveg!$A$6:$A$2497,0)+5),"Tv. 4. § 15. pont") -> Tv. 4. § 15. pont
A21: FOG-TV-S0109 | B21: biztonsági osztály | C21: az elektronikus információs rendszer védelmének elvárt erőssége; | D21: =HYPERLINK("#'Forrásszöveg'!A"&(MATCH("TV-S0109",Forrásszöveg!$A$6:$A$2497,0)+5),"Tv. 4. § 16. pont") -> Tv. 4. § 16. pont
A22: FOG-TV-S0110 | B22: biztonsági osztályba sorolás | C22: a kockázatok alapján az elektronikus információs rendszer védelme elvárt erősségének meghatározása; | D22: =HYPERLINK("#'Forrásszöveg'!A"&(MATCH("TV-S0110",Forrásszöveg!$A$6:$A$2497,0)+5),"Tv. 4. § 17. pont") -> Tv. 4. § 17. pont
A23: FOG-TV-S0111 | B23: digitális szolgáltatás | C23: a digitális államról és a digitális szolgáltatások nyújtásának egyes szabályairól szóló törvény szerinti fogalom; | D23: =HYPERLINK("#'Forrásszöveg'!A"&(MATCH("TV-S0111",Forrásszöveg!$A$6:$A$2497,0)+5),"Tv. 4. § 18. pont") -> Tv. 4. § 18. pont
A24: FOG-TV-S0112 | B24: DNS | C24: hierarchikusan felépülő elnevezési rendszer, más néven doménnévrendszer, amely lehetővé teszi az internetes szolgáltatások és erőforrások azonosítását, lehetővé téve a végfelhasználók eszközei számára az internetes útvonal-meghatározási és összekapcsolási szolgáltatások igénybevételét e szolgáltatások és erőforrások elérése érdekében; | D24: =HYPERLINK("#'Forrásszöveg'!A"&(MATCH("TV-S0112",Forrásszöveg!$A$6:$A$2497,0)+5),"Tv. 4. § 19. pont") -> Tv. 4. § 19. pont
A25: FOG-TV-S0113 | B25: DNS-szolgáltató | C25: olyan szervezet, amely a következő szolgáltatások valamelyikét nyújtja a szervezeten kívüli más szervezet vagy személy részére: a) autoritatív DNS-szolgáltatás: a doménnév – doménnév-regisztrációt végző szolgáltató által kezelt – adatainak lekérdezését közvetlenül lehetővé tevő szolgáltatás, amely a legfelső szintű doménnév- nyilvántartó szolgáltatás része, b) rekurzív DNS-szolgáltatás: olyan DNS-szolgáltatás, amely a felhasználók doménnév-lekérdezéseit a megfelelő autoritatív DNS-szolgáltatókhoz továbbítja a hierarchikusan felépülő doménnévrendszerben és az autoritatív DNS-szolgáltató által a lekérdezésre adott válaszokat továbbítja a felhasználó részére, c) DNS-gyorsítótárazás: a doménnév-lekérdezésre adott válaszok átmeneti tárolása és a felhasználói lekérdezéseknek a tárolt doménnévadatok alapján történő kiszolgálása, | D25: =HYPERLINK("#'Forrásszöveg'!A"&(MATCH("TV-S0113",Forrásszöveg!$A$6:$A$2497,0)+5),"Tv. 4. § 20. pont") -> Tv. 4. § 20. pont
A26: FOG-TV-S0117 | B26: doménnév | C26: az internetes kommunikációhoz használt IP-cím alfanumerikus karakterekből álló megfelelője, | D26: =HYPERLINK("#'Forrásszöveg'!A"&(MATCH("TV-S0117",Forrásszöveg!$A$6:$A$2497,0)+5),"Tv. 4. § 21. pont") -> Tv. 4. § 21. pont
A27: FOG-TV-S0118 | B27: doménnév-regisztrációt végző szolgáltató | C27: a legfelső szintű doménnév-nyilvántartó által felhatalmazott szolgáltató, amely jogosult domén regisztrálására; | D27: =HYPERLINK("#'Forrásszöveg'!A"&(MATCH("TV-S0118",Forrásszöveg!$A$6:$A$2497,0)+5),"Tv. 4. § 22. pont") -> Tv. 4. § 22. pont
A28: FOG-TV-S0119 | B28: elektronikus hírközlési szolgáltató | C28: az elektronikus hírközlésről szóló törvény szerinti fogalom; | D28: =HYPERLINK("#'Forrásszöveg'!A"&(MATCH("TV-S0119",Forrásszöveg!$A$6:$A$2497,0)+5),"Tv. 4. § 23. pont") -> Tv. 4. § 23. pont
A29: FOG-TV-S0120 | B29: elektronikus információs rendszer | C29: a) az elektronikus hírközlésről szóló törvény szerinti elektronikus hírközlési hálózat, b) minden olyan eszköz vagy egymással összekapcsolt vagy kapcsolatban álló eszközök csoportja, amelyek közül egy vagy több valamely program alapján digitális adatok automatizált kezelését végzi, ideértve a kiber-fizikai rendszereket, vagy c) az a) és b) alpontban szereplő elemek által működésük, használatuk, védelmük és karbantartásuk céljából tárolt, kezelt, visszakeresett vagy továbbított digitális adatok; | D29: =HYPERLINK("#'Forrásszöveg'!A"&(MATCH("TV-S0120",Forrásszöveg!$A$6:$A$2497,0)+5),"Tv. 4. § 24. pont") -> Tv. 4. § 24. pont
A30: FOG-TV-S0124 | B30: elektronikus információs rendszer biztonsága | C30: az elektronikus információs rendszerek azon képessége, hogy adott bizonyossággal ellenálljanak minden olyan eseménynek, amely veszélyeztetheti a rajtuk tárolt, továbbított vagy kezelt adatok vagy az említett hálózati és információs rendszerek által kínált vagy azokon keresztül elérhető szolgáltatások rendelkezésre állását, sértetlenségét vagy bizalmasságát; | D30: =HYPERLINK("#'Forrásszöveg'!A"&(MATCH("TV-S0124",Forrásszöveg!$A$6:$A$2497,0)+5),"Tv. 4. § 25. pont") -> Tv. 4. § 25. pont
A31: FOG-TV-S0125 | B31: életciklus | C31: az elektronikus információs rendszer tervezését, fejlesztését, üzemeltetését és megszüntetését magába foglaló időtartam; | D31: =HYPERLINK("#'Forrásszöveg'!A"&(MATCH("TV-S0125",Forrásszöveg!$A$6:$A$2497,0)+5),"Tv. 4. § 26. pont") -> Tv. 4. § 26. pont
A32: FOG-TV-S0126 | B32: esemény | C32: az elektronikus információs rendszerben bekövetkezett állapotváltozás; | D32: =HYPERLINK("#'Forrásszöveg'!A"&(MATCH("TV-S0126",Forrásszöveg!$A$6:$A$2497,0)+5),"Tv. 4. § 27. pont") -> Tv. 4. § 27. pont
A33: FOG-TV-S0127 | B33: európai kiberbiztonsági tanúsítási rendszer | C33: az (EU) 2019/881 európai parlamenti és tanácsi rendelet 2. cikk 9. pontja szerinti fogalom; | D33: =HYPERLINK("#'Forrásszöveg'!A"&(MATCH("TV-S0127",Forrásszöveg!$A$6:$A$2497,0)+5),"Tv. 4. § 28. pont") -> Tv. 4. § 28. pont
A34: FOG-TV-S0128 | B34: felhasználó szervezet | C34: központi rendszert vagy központi szolgáltatást igénybe vevő szervezet; | D34: =HYPERLINK("#'Forrásszöveg'!A"&(MATCH("TV-S0128",Forrásszöveg!$A$6:$A$2497,0)+5),"Tv. 4. § 29. pont") -> Tv. 4. § 29. pont
A35: FOG-TV-S0129 | B35: felhőszolgáltatás | C35: olyan digitális szolgáltatás, amely önkiszolgáló módon történő hálózati hozzáférést tesz lehetővé igény szerint méretezhető, megosztott fizikai vagy virtuális erőforrások rugalmas készletéhez; | D35: =HYPERLINK("#'Forrásszöveg'!A"&(MATCH("TV-S0129",Forrásszöveg!$A$6:$A$2497,0)+5),"Tv. 4. § 30. pont") -> Tv. 4. § 30. pont
A36: FOG-TV-S0130 | B36: felhőszolgáltató | C36: felhőalapú számítástechnikai szolgáltatást nyújtó szervezet; | D36: =HYPERLINK("#'Forrásszöveg'!A"&(MATCH("TV-S0130",Forrásszöveg!$A$6:$A$2497,0)+5),"Tv. 4. § 31. pont") -> Tv. 4. § 31. pont
A37: FOG-TV-S0131 | B37: gazdálkodó szervezet | C37: a polgári perrendtartásról szóló törvény szerinti fogalom; | D37: =HYPERLINK("#'Forrásszöveg'!A"&(MATCH("TV-S0131",Forrásszöveg!$A$6:$A$2497,0)+5),"Tv. 4. § 31a. pont") -> Tv. 4. § 31a. pont
A38: FOG-TV-S0132 | B38: gyártó | C38: az IKT-termék gyártója, IKT-szolgáltatás nyújtója, valamint IKT-folyamat gyártója vagy nyújtója; | D38: =HYPERLINK("#'Forrásszöveg'!A"&(MATCH("TV-S0132",Forrásszöveg!$A$6:$A$2497,0)+5),"Tv. 4. § 32. pont") -> Tv. 4. § 32. pont
A39: FOG-TV-S0133 | B39: használatbavétel | C39: az elektronikus információs rendszer adatokkal való feltöltése és rendeltetésszerű használatának megkezdése; | D39: =HYPERLINK("#'Forrásszöveg'!A"&(MATCH("TV-S0133",Forrásszöveg!$A$6:$A$2497,0)+5),"Tv. 4. § 33. pont") -> Tv. 4. § 33. pont
A40: FOG-TV-S0134 | B40: honvédelmi célú elektronikus információs rendszer | C40: a) a honvédelmi szervezetek, a honvédelemért felelős miniszter fenntartói irányítása alá tartozó, honvédségi szervezetnek nem minősülő többcélú szakképző intézmény, a honvédelemért felelős miniszter tulajdonosi joggyakorlása alá tartozó gazdasági társaságok, valamint jogszabály szerint a honvédelmi érdekhez kapcsolódó tevékenységet folytató gazdasági társaságok elektronikus információs rendszereinek összessége, amely ágazatspecifikus módon támogatja a honvédelmi ágazaton belüli és ágazatok közötti működést, b) az ország védelme és biztonsága szempontjából jelentős honvédelmi ágazaton belüli szervezet és infrastruktúra elektronikus információs rendszerei, c) az ország védelme és biztonsága szempontjából jelentős kettős kijelöléssel nem érintett szervezet és infrastruktúra elektronikus információs rendszerei, valamint d) a honvédelmi kiberbiztonsági hatóság által alapvető vagy fontos szervezetként azonosított szervezet elektronikus információs rendszere; | D40: =HYPERLINK("#'Forrásszöveg'!A"&(MATCH("TV-S0134",Forrásszöveg!$A$6:$A$2497,0)+5),"Tv. 4. § 34. pont") -> Tv. 4. § 34. pont
A41: FOG-TV-S0139 | B41: honvédelmi kiberbiztonsági incidenskezelő központ | C41: a 63. § (2) bekezdése szerint kijelölt szerv; | D41: =HYPERLINK("#'Forrásszöveg'!A"&(MATCH("TV-S0139",Forrásszöveg!$A$6:$A$2497,0)+5),"Tv. 4. § 35. pont") -> Tv. 4. § 35. pont
A42: FOG-TV-S0140 | B42: ideiglenes hozzáférhetetlenné tétel | C42: az elektronikus adathoz való hozzáférés ideiglenes megakadályozása; | D42: =HYPERLINK("#'Forrásszöveg'!A"&(MATCH("TV-S0140",Forrásszöveg!$A$6:$A$2497,0)+5),"Tv. 4. § 36. pont") -> Tv. 4. § 36. pont
A43: FOG-TV-S0141 | B43: IKT-folyamat | C43: az (EU) 2019/881 európai parlamenti és tanácsi rendelet 2. cikk 14. pontjában meghatározott fogalom; | D43: =HYPERLINK("#'Forrásszöveg'!A"&(MATCH("TV-S0141",Forrásszöveg!$A$6:$A$2497,0)+5),"Tv. 4. § 37. pont") -> Tv. 4. § 37. pont
A44: FOG-TV-S0142 | B44: IKT-szolgáltatás | C44: az (EU) 2019/881 európai parlamenti és tanácsi rendelet 2. cikk 13. pontjában meghatározott fogalom; | D44: =HYPERLINK("#'Forrásszöveg'!A"&(MATCH("TV-S0142",Forrásszöveg!$A$6:$A$2497,0)+5),"Tv. 4. § 38. pont") -> Tv. 4. § 38. pont
A45: FOG-TV-S0143 | B45: IKT-termék | C45: az (EU) 2019/881 európai parlamenti és tanácsi rendelet 2. cikk 12. pontjában meghatározott fogalom; | D45: =HYPERLINK("#'Forrásszöveg'!A"&(MATCH("TV-S0143",Forrásszöveg!$A$6:$A$2497,0)+5),"Tv. 4. § 39. pont") -> Tv. 4. § 39. pont
A46: FOG-TV-S0144 | B46: jelentős kiberbiztonsági incidens | C46: a) a közvetlenül alkalmazandó európai uniós jogi aktusban ekként meghatározott kiberbiztonsági incidens, b) közvetlenül alkalmazandó európai uniós jogi aktus hiányában az olyan kiberbiztonsági incidens, amely ba) a szervezet üzleti szolgáltatásának vagy a szervezet által nyújtott szolgáltatásnak legalább 5%-os csökkenésével vagy a szervezet éves bevételének legalább 5%-os kiesésével jár vagy fenyeget; bb) súlyos működési zavart okoz vagy képes okozni a szolgáltatásokban, vagy pénzügyi vagy reputációs veszteséget okoz vagy képes okozni a kiberbiztonsági incidens által érintett szervezetnek vagy személynek; vagy bc) jelentős vagyoni vagy nem vagyoni kár okozásával más természetes vagy jogi személyeket érintett, vagy képes érinteni; | D46: =HYPERLINK("#'Forrásszöveg'!A"&(MATCH("TV-S0144",Forrásszöveg!$A$6:$A$2497,0)+5),"Tv. 4. § 40. pont") -> Tv. 4. § 40. pont
A47: FOG-TV-S0150 | B47: jelentős kiberfenyegetés | C47: olyan kiberfenyegetés, amelyről – technikai jellemzői alapján – feltételezhető, hogy jelentős vagyoni vagy nem vagyoni hátrányt vagy kárt okozva súlyos hatást gyakorolhat egy szervezet elektronikus információs rendszereire vagy a szervezet szolgáltatásainak felhasználóira; | D47: =HYPERLINK("#'Forrásszöveg'!A"&(MATCH("TV-S0150",Forrásszöveg!$A$6:$A$2497,0)+5),"Tv. 4. § 41. pont") -> Tv. 4. § 41. pont
A48: FOG-TV-S0151 | B48: képviselő | C48: Magyarországon letelepedett minden olyan természetes vagy jogi személy, akit vagy amelyet kifejezetten kijelöltek arra, hogy valamely, Magyarországon nem letelepedett szervezet nevében eljárjon, és akihez vagy amelyhez a kiberbiztonsági hatóság, vagy a kiberbiztonsági incidenskezelő központ az adott szervezet helyett fordulhat; | D48: =HYPERLINK("#'Forrásszöveg'!A"&(MATCH("TV-S0151",Forrásszöveg!$A$6:$A$2497,0)+5),"Tv. 4. § 42. pont") -> Tv. 4. § 42. pont
A49: FOG-TV-S0152 | B49: kiberbiztonság | C49: az (EU) 2019/881 európai parlamenti és tanácsi rendelet 2. cikk 1. pontjában meghatározott fogalom; | D49: =HYPERLINK("#'Forrásszöveg'!A"&(MATCH("TV-S0152",Forrásszöveg!$A$6:$A$2497,0)+5),"Tv. 4. § 43. pont") -> Tv. 4. § 43. pont
A50: FOG-TV-S0153 | B50: kiberbiztonsági audit | C50: az elektronikus információs rendszerek biztonsági osztályba sorolása, valamint a biztonsági osztályba sorolás szerinti védelmi intézkedések megfelelőségének ellenőrzése; | D50: =HYPERLINK("#'Forrásszöveg'!A"&(MATCH("TV-S0153",Forrásszöveg!$A$6:$A$2497,0)+5),"Tv. 4. § 44. pont") -> Tv. 4. § 44. pont
A51: FOG-TV-S0154 | B51: kiberbiztonsági hatóság | C51: a 23. § (1) bekezdés a) és b) pontja, valamint (2) bekezdése szerinti hatóság; | D51: =HYPERLINK("#'Forrásszöveg'!A"&(MATCH("TV-S0154",Forrásszöveg!$A$6:$A$2497,0)+5),"Tv. 4. § 45. pont") -> Tv. 4. § 45. pont
A52: FOG-TV-S0155 | B52: kiberbiztonsági incidens | C52: olyan esemény, amely veszélyezteti az elektronikus információs rendszereken tárolt, továbbított vagy kezelt adatok vagy az e rendszerek által kínált vagy azokon keresztül elérhető szolgáltatások rendelkezésre állását, sértetlenségét vagy bizalmasságát; | D52: =HYPERLINK("#'Forrásszöveg'!A"&(MATCH("TV-S0155",Forrásszöveg!$A$6:$A$2497,0)+5),"Tv. 4. § 46. pont") -> Tv. 4. § 46. pont
A53: FOG-TV-S0156 | B53: kiberbiztonsági incidenskezelés | C53: minden olyan tevékenység és eljárás, amelynek célja a kiberbiztonsági incidens megelőzése, észlelése, elemzése és elszigetelése vagy a kiberbiztonsági incidensre való reagálás és a kiberbiztonsági incidenst követően a működés helyreállítása; | D53: =HYPERLINK("#'Forrásszöveg'!A"&(MATCH("TV-S0156",Forrásszöveg!$A$6:$A$2497,0)+5),"Tv. 4. § 47. pont") -> Tv. 4. § 47. pont
A54: FOG-TV-S0157 | B54: kiberbiztonsági incidenskezelő központ | C54: a 63. § (1) és (2) bekezdése szerinti szerv; | D54: =HYPERLINK("#'Forrásszöveg'!A"&(MATCH("TV-S0157",Forrásszöveg!$A$6:$A$2497,0)+5),"Tv. 4. § 48. pont") -> Tv. 4. § 48. pont
A55: FOG-TV-S0158 | B55: kiberbiztonsági incidensközeli helyzet | C55: olyan esemény, amely veszélyeztethette volna az elektronikus információs rendszereken tárolt, továbbított vagy kezelt adatok vagy az e rendszerek által kínált vagy azokon keresztül elérhető szolgáltatások rendelkezésre állását, sértetlenségét vagy bizalmasságát, de amelynek bekövetkezését sikerült megakadályozni, vagy amely nem következett be; | D55: =HYPERLINK("#'Forrásszöveg'!A"&(MATCH("TV-S0158",Forrásszöveg!$A$6:$A$2497,0)+5),"Tv. 4. § 49. pont") -> Tv. 4. § 49. pont
A56: FOG-TV-S0159 | B56: kiberfenyegetés | C56: az (EU) 2019/881 európai parlamenti és tanácsi rendelet 2. cikk 8. pontjában meghatározott fogalom; | D56: =HYPERLINK("#'Forrásszöveg'!A"&(MATCH("TV-S0159",Forrásszöveg!$A$6:$A$2497,0)+5),"Tv. 4. § 50. pont") -> Tv. 4. § 50. pont
A57: FOG-TV-S0160 | B57: kiber-fizikai rendszer | C57: olyan programozható elektronikus információs rendszerek, amelyek kölcsönhatásba lépnek a fizikai környezettel vagy kezelik a fizikai környezettel kölcsönhatásba lépő eszközöket. Ezek az elektronikus információs rendszerek közvetlenül fizikai változást érzékelnek vagy idéznek elő az eszközök, folyamatok és események megfigyelésével vagy vezérlésével; | D57: =HYPERLINK("#'Forrásszöveg'!A"&(MATCH("TV-S0160",Forrásszöveg!$A$6:$A$2497,0)+5),"Tv. 4. § 51. pont") -> Tv. 4. § 51. pont
A58: FOG-TV-S0161 | B58: kihelyezett (irányított) infokommunikációs biztonsági szolgáltatást nyújtó szolgáltató | C58: olyan kihelyezett (irányított) infokommunikációs szolgáltatást nyújtó szolgáltató, amely a kiberbiztonsági kockázatok kezelését végzi vagy azzal összefüggő szolgáltatást nyújt; | D58: =HYPERLINK("#'Forrásszöveg'!A"&(MATCH("TV-S0161",Forrásszöveg!$A$6:$A$2497,0)+5),"Tv. 4. § 52. pont") -> Tv. 4. § 52. pont
A59: FOG-TV-S0162 | B59: kihelyezett (irányított) infokommunikációs szolgáltatást nyújtó szolgáltató | C59: olyan szervezet, amely az IKT-termék, hálózat, infrastruktúra, alkalmazás vagy bármely más elektronikus információs rendszer telepítésével, kezelésével, üzemeltetésével vagy karbantartásával kapcsolatos szolgáltatásokat nyújt a szolgáltatást igénybe vevő telephelyén vagy távolról; | D59: =HYPERLINK("#'Forrásszöveg'!A"&(MATCH("TV-S0162",Forrásszöveg!$A$6:$A$2497,0)+5),"Tv. 4. § 53. pont") -> Tv. 4. § 53. pont
A60: FOG-TV-S0163 | B60: kockázat | C60: a fenyegetettség mértéke, amely egy fenyegetés bekövetkezése gyakoriságának, bekövetkezési valószínűségének és az ez által okozott kár nagyságának a függvénye; | D60: =HYPERLINK("#'Forrásszöveg'!A"&(MATCH("TV-S0163",Forrásszöveg!$A$6:$A$2497,0)+5),"Tv. 4. § 54. pont") -> Tv. 4. § 54. pont
A61: FOG-TV-S0164 | B61: kockázatelemzés | C61: az elektronikus információs rendszer értékének, sérülékenységének, fenyegetéseinek, a várható károknak és ezek gyakoriságának felmérése útján a kockázatok feltárása és értékelése; | D61: =HYPERLINK("#'Forrásszöveg'!A"&(MATCH("TV-S0164",Forrásszöveg!$A$6:$A$2497,0)+5),"Tv. 4. § 55. pont") -> Tv. 4. § 55. pont
A62: FOG-TV-S0165 | B62: kockázatkezelés | C62: az elektronikus információs rendszerre ható kockázatok csökkentésére irányuló intézkedésrendszer kidolgozása és az intézkedések végrehajtása; | D62: =HYPERLINK("#'Forrásszöveg'!A"&(MATCH("TV-S0165",Forrásszöveg!$A$6:$A$2497,0)+5),"Tv. 4. § 56. pont") -> Tv. 4. § 56. pont
A63: FOG-TV-S0166 | B63: kockázatmenedzsment keretrendszer | C63: olyan strukturált, ugyanakkor rugalmas megközelítés és szervezeti folyamatok összessége, amely integrálja a kiberbiztonsággal kapcsolatos kockázatkezelési tevékenységeket a rendszerfejlesztési életciklusban a kockázatokkal arányos védelmi intézkedések azonosításán, bevezetésén, értékelésén, működtetésén és nyomon követésén keresztül az új és már használatban lévő rendszerek fenyegetettségeinek folyamatos felderítése, és kockázatainak hatékony kezelése érdekében; | D63: =HYPERLINK("#'Forrásszöveg'!A"&(MATCH("TV-S0166",Forrásszöveg!$A$6:$A$2497,0)+5),"Tv. 4. § 57. pont") -> Tv. 4. § 57. pont
A64: FOG-TV-S0167 | B64: közigazgatási szerv | C64: az 1. melléklet 1–13. pontja szerinti szervezet; | D64: =HYPERLINK("#'Forrásszöveg'!A"&(MATCH("TV-S0167",Forrásszöveg!$A$6:$A$2497,0)+5),"Tv. 4. § 58. pont") -> Tv. 4. § 58. pont
A65: FOG-TV-S0168 | B65: közösségimédia-szolgáltatási platform | C65: olyan platform, amely lehetővé teszi a végfelhasználók számára, hogy több eszközön keresztül kapcsolódjanak, tartalmakat osszanak meg, fedezzenek fel és kommunikáljanak egymással; | D65: =HYPERLINK("#'Forrásszöveg'!A"&(MATCH("TV-S0168",Forrásszöveg!$A$6:$A$2497,0)+5),"Tv. 4. § 59. pont") -> Tv. 4. § 59. pont
A66: FOG-TV-S0169 | B66: központi rendszer | C66: egyes állami, önkormányzati feladatok ellátását segítő, zárt ügyfélkör számára központosítottan fejlesztett vagy működtetett elektronikus információs rendszer, amelyen keresztül megvalósított funkciókat egy adott intézményi körben kötelezően vagy opcionálisan vesznek igénybe a felhasználó szervezetek; | D66: =HYPERLINK("#'Forrásszöveg'!A"&(MATCH("TV-S0169",Forrásszöveg!$A$6:$A$2497,0)+5),"Tv. 4. § 60. pont") -> Tv. 4. § 60. pont
A67: FOG-TV-S0170 | B67: központi szolgáltatás | C67: a központi szolgáltató által kötelezően vagy egyedi igény alapján biztosítandó szolgáltatás; | D67: =HYPERLINK("#'Forrásszöveg'!A"&(MATCH("TV-S0170",Forrásszöveg!$A$6:$A$2497,0)+5),"Tv. 4. § 61. pont") -> Tv. 4. § 61. pont
A68: FOG-TV-S0171 | B68: központi szolgáltató | C68: olyan szervezet, amely állami és önkormányzati feladatot ellátó szervezet részére jogszabály alapján kizárólagos joggal nyújt informatikai és elektronikus hírközlési szolgáltatást; | D68: =HYPERLINK("#'Forrásszöveg'!A"&(MATCH("TV-S0171",Forrásszöveg!$A$6:$A$2497,0)+5),"Tv. 4. § 62. pont") -> Tv. 4. § 62. pont
A69: FOG-TV-S0172 | B69: kutatóhely | C69: a tudományos kutatásról, fejlesztésről és innovációról szóló törvény szerinti kutatóhely – az oktatási intézmények kivételével –, amelynek elsődleges célja alkalmazott kutatás vagy kísérleti fejlesztés folytatása a kutatás eredményeinek kereskedelmi célokra való hasznosítása céljából; | D69: =HYPERLINK("#'Forrásszöveg'!A"&(MATCH("TV-S0172",Forrásszöveg!$A$6:$A$2497,0)+5),"Tv. 4. § 63. pont") -> Tv. 4. § 63. pont
A70: FOG-TV-S0173 | B70: legfelső szintű doménnév-nyilvántartó | C70: olyan szervezet, amelyre egy meghatározott legfelső szintű domént bíztak és amely felelős egyrészt a legfelső szintű domén kezeléséért – ideértve a legfelső szintű domén alatti doménnevek nyilvántartásba vételét –, másrészt a legfelső szintű domén technikai üzemeltetéséért, amely magában foglalja a névszervereinek üzemeltetését, adatbázisainak karbantartását és a legfelső szintű doménzónafájlok elosztását a névszerverek között, függetlenül attól, hogy ezeknek az üzemeltetési tevékenységeknek bármelyikét maga a szervezet végzi vagy azokat kiszervezi, kivéve azokat az eseteket, amikor a legfelső szintű doménneveket a nyilvántartó kizárólag saját használatra veszi igénybe; | D70: =HYPERLINK("#'Forrásszöveg'!A"&(MATCH("TV-S0173",Forrásszöveg!$A$6:$A$2497,0)+5),"Tv. 4. § 64. pont") -> Tv. 4. § 64. pont
A71: FOG-TV-S0174 | B71: megfelelőségértékelés | C71: – a IX/A. Fejezet kivételével – az az értékelési eljárás, amely bizonyítja, hogy egy IKT-termékkel, IKT-folyamattal, IKT-szolgáltatással kapcsolatos, meghatározott követelmények teljesültek; | D71: =HYPERLINK("#'Forrásszöveg'!A"&(MATCH("TV-S0174",Forrásszöveg!$A$6:$A$2497,0)+5),"Tv. 4. § 65. pont") -> Tv. 4. § 65. pont
A72: FOG-TV-S0175 | B72: megfelelőségértékelő szervezet | C72: a termékek forgalmazása tekintetében az akkreditálás és piacfelügyelet előírásainak megállapításáról és a 339/93/EGK rendelet hatályon kívül helyezéséről szóló, 2008. július 9-i 765/2008/EK európai parlamenti és tanácsi rendeletben ekként meghatározott fogalom; | D72: =HYPERLINK("#'Forrásszöveg'!A"&(MATCH("TV-S0175",Forrásszöveg!$A$6:$A$2497,0)+5),"Tv. 4. § 66. pont") -> Tv. 4. § 66. pont
A73: FOG-TV-S0176 | B73: megfelelőségi nyilatkozat | C73: a gyártó vagy a szolgáltató által kiállított dokumentum, amely igazolja, hogy egy adott IKT-termék, IKT-szolgáltatás vagy IKT-folyamat esetében értékelték, hogy az megfelel-e valamely nemzeti kiberbiztonsági tanúsítási rendszer biztonsági követelményeinek; | D73: =HYPERLINK("#'Forrásszöveg'!A"&(MATCH("TV-S0176",Forrásszöveg!$A$6:$A$2497,0)+5),"Tv. 4. § 67. pont") -> Tv. 4. § 67. pont
A74: FOG-TV-S0177 | B74: megfelelőségi önértékelés | C74: az (EU) 2019/881 európai parlamenti és tanácsi rendeletben ekként meghatározott fogalom; | D74: =HYPERLINK("#'Forrásszöveg'!A"&(MATCH("TV-S0177",Forrásszöveg!$A$6:$A$2497,0)+5),"Tv. 4. § 68. pont") -> Tv. 4. § 68. pont
A75: FOG-TV-S0178 | B75: mérföldkő | C75: az európai uniós forrásból finanszírozott központi rendszer fejlesztése esetén a Helyreállítási és Rezilienciaépítési Eszköz létrehozásáról szóló, 2021. február 12-i (EU) 2021/241 európai parlamenti és tanácsi rendelet 2. cikk 4. pontja és az Európai Regionális Fejlesztési Alapra, az Európai Szociális Alap Pluszra, a Kohéziós Alapra, az Igazságos Átmenet Alapra és az Európai Tengerügyi, Halászati és Akvakultúra-alapra vonatkozó közös rendelkezések, valamint az előbbiekre és a Menekültügyi, Migrációs és Integrációs Alapra, a Belső Biztonsági Alapra és a határigazgatás és a vízumpolitika pénzügyi támogatására szolgáló eszközre vonatkozó pénzügyi szabályok megállapításáról szóló, 2021. június 24-i (EU) 2021/1060 európai parlamenti és tanácsi rendelet 2. cikk 4. pontja szerinti, valamint a fejlesztésekre irányuló egyéb projektek esetén a projektben meghatározott fogalom; | D75: =HYPERLINK("#'Forrásszöveg'!A"&(MATCH("TV-S0178",Forrásszöveg!$A$6:$A$2497,0)+5),"Tv. 4. § 69. pont") -> Tv. 4. § 69. pont
A76: FOG-TV-S0179 | B76: minősített bizalmi szolgáltatás | C76: a digitális államról és a digitális szolgáltatások nyújtásának egyes szabályairól szóló törvény szerinti fogalom; | D76: =HYPERLINK("#'Forrásszöveg'!A"&(MATCH("TV-S0179",Forrásszöveg!$A$6:$A$2497,0)+5),"Tv. 4. § 70. pont") -> Tv. 4. § 70. pont
A77: FOG-TV-S0180 | B77: minősített bizalmi szolgáltató | C77: a digitális államról és a digitális szolgáltatások nyújtásának egyes szabályairól szóló törvény szerinti fogalom; | D77: =HYPERLINK("#'Forrásszöveg'!A"&(MATCH("TV-S0180",Forrásszöveg!$A$6:$A$2497,0)+5),"Tv. 4. § 71. pont") -> Tv. 4. § 71. pont
A78: FOG-TV-S0181 | B78: műszaki előírás | C78: az európai szabványosításról, a 89/686/EGK és a 93/15/EGK tanácsi irányelv, a 94/9/ EK, a 94/25/EK, a 95/16/EK, a 97/23/EK, a 98/34/EK, a 2004/22/EK, a 2007/23/EK, a 2009/23/EK és a 2009/105/EK európai parlamenti és tanácsi irányelv módosításáról, valamint a 87/95/EGK tanácsi határozat és az 1673/2006/EK európai parlamenti és tanácsi határozat hatályon kívül helyezéséről szóló, 2012. október 25-i 1025/2012/EU európai parlamenti és tanácsi rendelet (a továbbiakban: 1025/2012/EU rendelet) 2. cikk 4. pontjában meghatározott fogalom; | D78: =HYPERLINK("#'Forrásszöveg'!A"&(MATCH("TV-S0181",Forrásszöveg!$A$6:$A$2497,0)+5),"Tv. 4. § 72. pont") -> Tv. 4. § 72. pont
A79: FOG-TV-S0182 | B79: műveleti célú elektronikus információs rendszer | C79: a) a rendvédelmi szervek és a nemzetbiztonsági szolgálatok számára törvényben meghatározott közbiztonsági, nemzetbiztonsági feladatok ellátása érdekében használt elektronikus információs rendszer és b) a honvédségi szervezetek által, a törvényben meghatározott katonai műveleti feladatok – így különösen közvetlen művelettámogatás, -tervezés, -vezetés, helyzetkövetés – ellátása érdekében használt elektronikus információs rendszer; | D79: =HYPERLINK("#'Forrásszöveg'!A"&(MATCH("TV-S0182",Forrásszöveg!$A$6:$A$2497,0)+5),"Tv. 4. § 73. pont") -> Tv. 4. § 73. pont
A80: FOG-TV-S0185 | B80: nagyszabású kiberbiztonsági incidens | C80: olyan kiberbiztonsági incidens, amely olyan mértékű zavart okoz, amely meghaladja Magyarországnak az arra való reagálási képességét, vagy amely Magyarországra és legalább még egy másik országra jelentős hatást gyakorol; | D80: =HYPERLINK("#'Forrásszöveg'!A"&(MATCH("TV-S0185",Forrásszöveg!$A$6:$A$2497,0)+5),"Tv. 4. § 74. pont") -> Tv. 4. § 74. pont
A81: FOG-TV-S0186 | B81: nem privát felhőszolgáltatás | C81: olyan szolgáltató által nyújtott felhőszolgáltatás, amelyet a szolgáltató bárki számára elérhető módon vagy kizárólag a szervezetek egy meghatározott köre számára nyújt; | D81: =HYPERLINK("#'Forrásszöveg'!A"&(MATCH("TV-S0186",Forrásszöveg!$A$6:$A$2497,0)+5),"Tv. 4. § 75. pont") -> Tv. 4. § 75. pont
A82: FOG-TV-S0187 | B82: nemzeti kiberbiztonsági incidenskezelő központ | C82: az Európai Hálózat- és Információbiztonsági Ügynökség ajánlásai szerint működő, kiberbiztonsági incidensekre reagáló egység, amely a nemzetközi hálózatbiztonsági, valamint kritikus információs infrastruktúrák védelmére szakosodott szervezetekben tagsággal rendelkezik [európai használatban: CSIRT (Computer Security Incident Response Team), amerikai használatban: CERT (Computer Emergency Response Team)]; | D82: =HYPERLINK("#'Forrásszöveg'!A"&(MATCH("TV-S0187",Forrásszöveg!$A$6:$A$2497,0)+5),"Tv. 4. § 76. pont") -> Tv. 4. § 76. pont
A83: FOG-TV-S0188 | B83: nemzeti kiberbiztonsági tanúsítási rendszer | C83: IKT-termékek, IKT-szolgáltatások és IKT-folyamatok tanúsítására, megfelelőségértékelésére Magyarországon alkalmazandó, az európai kiberbiztonsági rendszerek elvei alapján kidolgozott és a tanúsító hatóság által meghatározott szabályok, műszaki követelmények, szabványok és eljárások átfogó rendszere; | D83: =HYPERLINK("#'Forrásszöveg'!A"&(MATCH("TV-S0188",Forrásszöveg!$A$6:$A$2497,0)+5),"Tv. 4. § 77. pont") -> Tv. 4. § 77. pont
A84: FOG-TV-S0189 | B84: nemzeti kiberbiztonsági stratégia | C84: a kiberbiztonság területén követendő stratégiai célokat és prioritásokat, valamint a megvalósításukhoz szükséges irányítási intézkedéseket meghatározó dokumentum; | D84: =HYPERLINK("#'Forrásszöveg'!A"&(MATCH("TV-S0189",Forrásszöveg!$A$6:$A$2497,0)+5),"Tv. 4. § 78. pont") -> Tv. 4. § 78. pont
A85: FOG-TV-S0190 | B85: nemzeti kiberbiztonsági tanúsítvány | C85: olyan független harmadik fél által kiállított dokumentum, amely igazolja, hogy egy adott IKT-termék, IKT-szolgáltatás vagy IKT-folyamat esetében értékelték, hogy az megfelel-e valamely nemzeti kiberbiztonsági tanúsítási rendszer biztonsági követelményeinek; | D85: =HYPERLINK("#'Forrásszöveg'!A"&(MATCH("TV-S0190",Forrásszöveg!$A$6:$A$2497,0)+5),"Tv. 4. § 79. pont") -> Tv. 4. § 79. pont
A86: FOG-TV-S0191 | B86: nemzeti válságkezelési terv | C86: az (EU) 2022/2555 európai parlamenti és tanácsi irányelv alapján a nagyszabású kiberbiztonsági incidensek és válságok elhárítására szolgáló nemzeti terv, amely meghatározza a nagyszabású kiberbiztonsági incidensek és válságok kezelésének célkitűzéseit és szabályait; | D86: =HYPERLINK("#'Forrásszöveg'!A"&(MATCH("TV-S0191",Forrásszöveg!$A$6:$A$2497,0)+5),"Tv. 4. § 80. pont") -> Tv. 4. § 80. pont
A87: FOG-TV-S0192 | B87: online keresőprogram | C87: az online közvetítő szolgáltatások üzleti felhasználói tekintetében alkalmazandó tisztességes és átlátható feltételek előmozdításáról szóló, 2019. június 20-i (EU) 2019/1150 európai parlamenti és tanácsi rendelet 2. cikk 5. pontjában meghatározott fogalom; | D87: =HYPERLINK("#'Forrásszöveg'!A"&(MATCH("TV-S0192",Forrásszöveg!$A$6:$A$2497,0)+5),"Tv. 4. § 81. pont") -> Tv. 4. § 81. pont
A88: FOG-TV-S0193 | B88: online piactér | C88: olyan szolgáltatás, amely a kereskedő által vagy a kereskedő nevében működtetett szoftvert, többek között weboldalt, valamely weboldal egy részét vagy valamely alkalmazást használ, és amelynek révén a fogyasztók távollevők közötti szerződést köthetnek más kereskedőkkel vagy fogyasztókkal; | D88: =HYPERLINK("#'Forrásszöveg'!A"&(MATCH("TV-S0193",Forrásszöveg!$A$6:$A$2497,0)+5),"Tv. 4. § 82. pont") -> Tv. 4. § 82. pont
A89: FOG-TV-S0194 | B89: regisztrált felhasználói jogosultság | C89: a biztonsági vizsgálatot végző személy számára a sérülékenységvizsgálat elvégzése érdekében célzottan létrehozott felhasználói jogosultság; | D89: =HYPERLINK("#'Forrásszöveg'!A"&(MATCH("TV-S0194",Forrásszöveg!$A$6:$A$2497,0)+5),"Tv. 4. § 83. pont") -> Tv. 4. § 83. pont
A90: FOG-TV-S0195 | B90: rendelkezésre állás | C90: annak biztosítása, hogy az elektronikus információs rendszerek az arra jogosult személy számára elérhetőek és az abban kezelt adatok felhasználhatóak legyenek; | D90: =HYPERLINK("#'Forrásszöveg'!A"&(MATCH("TV-S0195",Forrásszöveg!$A$6:$A$2497,0)+5),"Tv. 4. § 84. pont") -> Tv. 4. § 84. pont
A91: FOG-TV-S0196 | B91: sebezhetőség | C91: IKT-termék, -szolgáltatás, -folyamat gyengesége, érzékenysége vagy hiányossága, amelynek kihasználása veszélyezteti vagy sérti az IKT-termék, -szolgáltatás, -folyamat bizalmasságát, sértetlenségét vagy rendelkezésre állását; | D91: =HYPERLINK("#'Forrásszöveg'!A"&(MATCH("TV-S0196",Forrásszöveg!$A$6:$A$2497,0)+5),"Tv. 4. § 85. pont") -> Tv. 4. § 85. pont
A92: FOG-TV-S0197 | B92: sértetlenség | C92: az adat tulajdonsága, amely arra vonatkozik, hogy az adat tartalma és tulajdonságai az elvárttal megegyeznek, ideértve a bizonyosságot abban, hogy az az elvárt forrásból származik, azaz hiteles, valamint a származás ellenőrizhetőségét, bizonyosságát, azaz letagadhatatlanságát is, illetve az elektronikus információs rendszer elemeinek azon tulajdonságát, amely arra vonatkozik, hogy az elektronikus információs rendszer eleme rendeltetésének megfelelően használható; | D92: =HYPERLINK("#'Forrásszöveg'!A"&(MATCH("TV-S0197",Forrásszöveg!$A$6:$A$2497,0)+5),"Tv. 4. § 86. pont") -> Tv. 4. § 86. pont
A93: FOG-TV-S0198 | B93: sérülékenység | C93: az elektronikus információs rendszer gyengesége, érzékenysége vagy hiányossága, amelynek kihasználása veszélyezteti vagy sérti egy elektronikus információs rendszer bizalmasságát, sértetlenségét vagy rendelkezésre állását; | D93: =HYPERLINK("#'Forrásszöveg'!A"&(MATCH("TV-S0198",Forrásszöveg!$A$6:$A$2497,0)+5),"Tv. 4. § 87. pont") -> Tv. 4. § 87. pont
A94: FOG-TV-S0199 | B94: sérülékenységkezelési terv | C94: a sérülékenységek megszüntetésére irányuló tervdokumentum; | D94: =HYPERLINK("#'Forrásszöveg'!A"&(MATCH("TV-S0199",Forrásszöveg!$A$6:$A$2497,0)+5),"Tv. 4. § 88. pont") -> Tv. 4. § 88. pont
A95: FOG-TV-S0200 | B95: sérülékenységvizsgálat | C95: sérülékenységmenedzsment eszköz vagy módszer, amely során informatikai rendszerek, hardverek és szoftverek biztonsági szempontból történő átvizsgálása zajlik, az ellenőrzést automatizált eszközökkel és közvetlen, szakértő által végzett vizsgálatokkal hajtják végre; | D95: =HYPERLINK("#'Forrásszöveg'!A"&(MATCH("TV-S0200",Forrásszöveg!$A$6:$A$2497,0)+5),"Tv. 4. § 89. pont") -> Tv. 4. § 89. pont
A96: FOG-TV-S0201 | B96: szabvány | C96: az 1025/2012/EU rendelet 2. cikk 1. pontjában meghatározott fogalom; | D96: =HYPERLINK("#'Forrásszöveg'!A"&(MATCH("TV-S0201",Forrásszöveg!$A$6:$A$2497,0)+5),"Tv. 4. § 90. pont") -> Tv. 4. § 90. pont
A97: FOG-TV-S0202 | B97: szervezet | C97: állami szerv vagy állami szervezet, a Polgári Törvénykönyvről szóló törvény szerinti jogi személy, jogi személyiség nélküli szervezet; | D97: =HYPERLINK("#'Forrásszöveg'!A"&(MATCH("TV-S0202",Forrásszöveg!$A$6:$A$2497,0)+5),"Tv. 4. § 91. pont") -> Tv. 4. § 91. pont
A98: FOG-TV-S0203 | B98: támogató rendszer | C98: az 1. § (1) bekezdés a)–c) pontja szerinti szervezet alapfeladatainak ellátásában közvetlenül nem részt vevő elektronikus információs rendszer, amely szükséges azon rendszerek működéséhez, amelyek alapfeladatot látnak el; | D98: =HYPERLINK("#'Forrásszöveg'!A"&(MATCH("TV-S0203",Forrásszöveg!$A$6:$A$2497,0)+5),"Tv. 4. § 92. pont") -> Tv. 4. § 92. pont
A99: FOG-TV-S0204 | B99: tanúsítás | C99: független harmadik fél által végzett megfelelőségértékelési tevékenység; | D99: =HYPERLINK("#'Forrásszöveg'!A"&(MATCH("TV-S0204",Forrásszöveg!$A$6:$A$2497,0)+5),"Tv. 4. § 93. pont") -> Tv. 4. § 93. pont
A100: FOG-TV-S0205 | B100: tartalomszolgáltató hálózat szolgáltatója | C100: a digitális tartalmak és szolgáltatások széles körű, akadálymentes és gyors rendelkezésre állását biztosító, földrajzilag elosztott szerverek hálózatának szolgáltatója; | D100: =HYPERLINK("#'Forrásszöveg'!A"&(MATCH("TV-S0205",Forrásszöveg!$A$6:$A$2497,0)+5),"Tv. 4. § 94. pont") -> Tv. 4. § 94. pont
A101: FOG-TV-S0206 | B101: távoli sérülékenységvizsgálat | C101: olyan sérülékenységvizsgálat, amelynek során a) az elektronikus információs rendszer internet felőli, külső sérülékenységvizsgálatára kerül sor, amelynek keretében az interneten fellelhető, nyilvános adatbázisokban való szabad keresés, célzott információgyűjtés, valamint az elérhető számítógépek szolgáltatásai sebezhetőségének feltérképezése történik, b) automatizált és kézi vizsgálatok útján kerülnek feltárásra a webes alkalmazások sérülékenységei, vagy c) a vezeték nélküli hozzáférési és kapcsolódási pontok keresése, feltérképezése, titkosítási eljárások elemzése, titkosítási kulcsok visszafejthetőségének ellenőrzése célszoftverek és kézi vizsgálat útján történik; | D101: =HYPERLINK("#'Forrásszöveg'!A"&(MATCH("TV-S0206",Forrásszöveg!$A$6:$A$2497,0)+5),"Tv. 4. § 95. pont") -> Tv. 4. § 95. pont
A102: FOG-TV-S0210 | B102: továbbfejlesztés | C102: az érintett, már működő elektronikus információs rendszer olyan mértékű fejlesztése, amely funkcionalitásának érdemi megváltozásával jár, vagy védelmének elvárt erősségére hatással van; | D102: =HYPERLINK("#'Forrásszöveg'!A"&(MATCH("TV-S0210",Forrásszöveg!$A$6:$A$2497,0)+5),"Tv. 4. § 96. pont") -> Tv. 4. § 96. pont
...

Sheet Mutató
A2: Teljes rendelkezésmutató és feldolgozottság | G2: =HYPERLINK("#'Áttekintő'!A1","Áttekintő") -> Áttekintő
A3: Minden letöltött § és melléklet szerepel. A forrásszöveg megléte nem jelenti az összes feladat és jog tételes kibontását.
A5: Jogszabály | B5: § / melléklet | C5: Téma | D5: Feladattétel | E5: Jog / hatáskör | F5: Feldolgozottság | G5: Forrás
A6: TV | B6: 1. § | C6: 1. A törvény hatálya | D6: 0 | E6: 0 | F6: Hatálylapra átvéve | G6: =HYPERLINK("#'Forrásszöveg'!A"&(MATCH("TV-S0010",Forrásszöveg!$A$6:$A$2497,0)+5),"Szöveg megnyitása") -> Szöveg megnyitása
A7: TV | B7: 2. § | C7: 1. A törvény hatálya | D7: 0 | E7: 0 | F7: Hatálylapra átvéve | G7: =HYPERLINK("#'Forrásszöveg'!A"&(MATCH("TV-S0077",Forrásszöveg!$A$6:$A$2497,0)+5),"Szöveg megnyitása") -> Szöveg megnyitása
A8: TV | B8: 3. § | C8: 1. A törvény hatálya | D8: 0 | E8: 0 | F8: Hatálylapra átvéve | G8: =HYPERLINK("#'Forrásszöveg'!A"&(MATCH("TV-S0085",Forrásszöveg!$A$6:$A$2497,0)+5),"Szöveg megnyitása") -> Szöveg megnyitása
A9: TV | B9: 4. § | C9: 2. Értelmező rendelkezések | D9: 0 | E9: 0 | F9: Fogalomtárba átvéve | G9: =HYPERLINK("#'Forrásszöveg'!A"&(MATCH("TV-S0093",Forrásszöveg!$A$6:$A$2497,0)+5),"Szöveg megnyitása") -> Szöveg megnyitása
A10: TV | B10: 5. § | C10: 3. Általános alapelvek | D10: 0 | E10: 0 | F10: Forrás elérhető; tételes bontás hátravan | G10: =HYPERLINK("#'Forrásszöveg'!A"&(MATCH("TV-S0223",Forrásszöveg!$A$6:$A$2497,0)+5),"Szöveg megnyitása") -> Szöveg megnyitása
A11: TV | B11: 6. § | C11: 4. Az alapvető és fontos szervezetek általános kötelezettségei | D11: 28 | E11: 1 | F11: Tételesen részben kibontva | G11: =HYPERLINK("#'Forrásszöveg'!A"&(MATCH("TV-S0240",Forrásszöveg!$A$6:$A$2497,0)+5),"Szöveg megnyitása") -> Szöveg megnyitása
A12: TV | B12: 7. § | C12: 4. Az alapvető és fontos szervezetek általános kötelezettségei | D12: 1 | E12: 0 | F12: Tételesen részben kibontva | G12: =HYPERLINK("#'Forrásszöveg'!A"&(MATCH("TV-S0282",Forrásszöveg!$A$6:$A$2497,0)+5),"Szöveg megnyitása") -> Szöveg megnyitása
A13: TV | B13: 8. § | C13: 4. Az alapvető és fontos szervezetek általános kötelezettségei | D13: 12 | E13: 1 | F13: Tételesen részben kibontva | G13: =HYPERLINK("#'Forrásszöveg'!A"&(MATCH("TV-S0285",Forrásszöveg!$A$6:$A$2497,0)+5),"Szöveg megnyitása") -> Szöveg megnyitása
A14: TV | B14: 9. § | C14: 5. Adatosztályozás | D14: 4 | E14: 1 | F14: Tételesen részben kibontva | G14: =HYPERLINK("#'Forrásszöveg'!A"&(MATCH("TV-S0308",Forrásszöveg!$A$6:$A$2497,0)+5),"Szöveg megnyitása") -> Szöveg megnyitása
A15: TV | B15: 10. § | C15: 6. A biztonsági osztályba sorolás | D15: 7 | E15: 0 | F15: Tételesen részben kibontva | G15: =HYPERLINK("#'Forrásszöveg'!A"&(MATCH("TV-S0314",Forrásszöveg!$A$6:$A$2497,0)+5),"Szöveg megnyitása") -> Szöveg megnyitása
A16: TV | B16: 11. § | C16: 7. Az elektronikus információs rendszer biztonságáért felelős személy | D16: 10 | E16: 5 | F16: Tételesen részben kibontva | G16: =HYPERLINK("#'Forrásszöveg'!A"&(MATCH("TV-S0322",Forrásszöveg!$A$6:$A$2497,0)+5),"Szöveg megnyitása") -> Szöveg megnyitása
A17: TV | B17: 12. § | C17: 8. Az elektronikus információs rendszerek biztonságával kapcsolatos oktatás és képzés | D17: 0 | E17: 0 | F17: Forrás elérhető; tételes bontás hátravan | G17: =HYPERLINK("#'Forrásszöveg'!A"&(MATCH("TV-S0349",Forrásszöveg!$A$6:$A$2497,0)+5),"Szöveg megnyitása") -> Szöveg megnyitása
A18: TV | B18: 13. § | C18: 9. Az elektronikus információs rendszer fejlesztése, továbbfejlesztése | D18: 8 | E18: 1 | F18: Tételesen részben kibontva | G18: =HYPERLINK("#'Forrásszöveg'!A"&(MATCH("TV-S0357",Forrásszöveg!$A$6:$A$2497,0)+5),"Szöveg megnyitása") -> Szöveg megnyitása
A19: TV | B19: 13/A. § | C19: 9. Az elektronikus információs rendszer fejlesztése, továbbfejlesztése | D19: 0 | E19: 0 | F19: Hatálylapra átvéve | G19: =HYPERLINK("#'Forrásszöveg'!A"&(MATCH("TV-S0372",Forrásszöveg!$A$6:$A$2497,0)+5),"Szöveg megnyitása") -> Szöveg megnyitása
A20: TV | B20: 14. § | C20: 9. Az elektronikus információs rendszer fejlesztése, továbbfejlesztése | D20: 4 | E20: 1 | F20: Tételesen részben kibontva | G20: =HYPERLINK("#'Forrásszöveg'!A"&(MATCH("TV-S0373",Forrásszöveg!$A$6:$A$2497,0)+5),"Szöveg megnyitása") -> Szöveg megnyitása
A21: TV | B21: 15. § | C21: 9. Az elektronikus információs rendszer fejlesztése, továbbfejlesztése | D21: 1 | E21: 0 | F21: Tételesen részben kibontva | G21: =HYPERLINK("#'Forrásszöveg'!A"&(MATCH("TV-S0383",Forrásszöveg!$A$6:$A$2497,0)+5),"Szöveg megnyitása") -> Szöveg megnyitása
A22: TV | B22: 16. § | C22: 10. Kiberbiztonsági audit | D22: 4 | E22: 0 | F22: Tételesen részben kibontva | G22: =HYPERLINK("#'Forrásszöveg'!A"&(MATCH("TV-S0387",Forrásszöveg!$A$6:$A$2497,0)+5),"Szöveg megnyitása") -> Szöveg megnyitása
A23: TV | B23: 17. § | C23: 11. A támogató rendszerekre vonatkozó speciális rendelkezések | D23: 3 | E23: 0 | F23: Tételesen részben kibontva | G23: =HYPERLINK("#'Forrásszöveg'!A"&(MATCH("TV-S0395",Forrásszöveg!$A$6:$A$2497,0)+5),"Szöveg megnyitása") -> Szöveg megnyitása
A24: TV | B24: 18. § | C24: 12. A központi rendszerekre vonatkozó speciális rendelkezések | D24: 15 | E24: 2 | F24: Tételesen részben kibontva | G24: =HYPERLINK("#'Forrásszöveg'!A"&(MATCH("TV-S0399",Forrásszöveg!$A$6:$A$2497,0)+5),"Szöveg megnyitása") -> Szöveg megnyitása
A25: TV | B25: 19. § | C25: 13. A központi szolgáltatók által nyújtott rendszerekre vonatkozó speciális rendelkezések | D25: 16 | E25: 0 | F25: Tételesen részben kibontva | G25: =HYPERLINK("#'Forrásszöveg'!A"&(MATCH("TV-S0420",Forrásszöveg!$A$6:$A$2497,0)+5),"Szöveg megnyitása") -> Szöveg megnyitása
A26: TV | B26: 20. § | C26: 14. A legfelső szintű doménnév-nyilvántartás | D26: 0 | E26: 0 | F26: Forrás elérhető; tételes bontás hátravan | G26: =HYPERLINK("#'Forrásszöveg'!A"&(MATCH("TV-S0442",Forrásszöveg!$A$6:$A$2497,0)+5),"Szöveg megnyitása") -> Szöveg megnyitása
A27: TV | B27: 21. § | C27: 15. A kiberbiztonsági auditra vonatkozó rendelkezések | D27: 0 | E27: 0 | F27: Forrás elérhető; tételes bontás hátravan | G27: =HYPERLINK("#'Forrásszöveg'!A"&(MATCH("TV-S0455",Forrásszöveg!$A$6:$A$2497,0)+5),"Szöveg megnyitása") -> Szöveg megnyitása
A28: TV | B28: 22. § | C28: 15. A kiberbiztonsági auditra vonatkozó rendelkezések | D28: 0 | E28: 0 | F28: Forrás elérhető; tételes bontás hátravan | G28: =HYPERLINK("#'Forrásszöveg'!A"&(MATCH("TV-S0469",Forrásszöveg!$A$6:$A$2497,0)+5),"Szöveg megnyitása") -> Szöveg megnyitása
A29: TV | B29: 23. § | C29: 16. A kiberbiztonsági hatóságra vonatkozó általános rendelkezések | D29: 0 | E29: 0 | F29: Forrás elérhető; tételes bontás hátravan | G29: =HYPERLINK("#'Forrásszöveg'!A"&(MATCH("TV-S0487",Forrásszöveg!$A$6:$A$2497,0)+5),"Szöveg megnyitása") -> Szöveg megnyitása
A30: TV | B30: 24. § | C30: 17. A kiberbiztonsági hatóság feladatai | D30: 0 | E30: 0 | F30: Forrás elérhető; tételes bontás hátravan | G30: =HYPERLINK("#'Forrásszöveg'!A"&(MATCH("TV-S0494",Forrásszöveg!$A$6:$A$2497,0)+5),"Szöveg megnyitása") -> Szöveg megnyitása
A31: TV | B31: 25. § | C31: 18. A hatósági eljárás általános szabályai | D31: 0 | E31: 0 | F31: Forrás elérhető; tételes bontás hátravan | G31: =HYPERLINK("#'Forrásszöveg'!A"&(MATCH("TV-S0537",Forrásszöveg!$A$6:$A$2497,0)+5),"Szöveg megnyitása") -> Szöveg megnyitása
A32: TV | B32: 26. § | C32: 19. Azonosítási eljárás | D32: 0 | E32: 0 | F32: Forrás elérhető; tételes bontás hátravan | G32: =HYPERLINK("#'Forrásszöveg'!A"&(MATCH("TV-S0542",Forrásszöveg!$A$6:$A$2497,0)+5),"Szöveg megnyitása") -> Szöveg megnyitása
A33: TV | B33: 27. § | C33: 19. Azonosítási eljárás | D33: 0 | E33: 0 | F33: Forrás elérhető; tételes bontás hátravan | G33: =HYPERLINK("#'Forrásszöveg'!A"&(MATCH("TV-S0545",Forrásszöveg!$A$6:$A$2497,0)+5),"Szöveg megnyitása") -> Szöveg megnyitása
A34: TV | B34: 28. § | C34: 20. A hatósági nyilvántartás | D34: 0 | E34: 0 | F34: Forrás elérhető; tételes bontás hátravan | G34: =HYPERLINK("#'Forrásszöveg'!A"&(MATCH("TV-S0554",Forrásszöveg!$A$6:$A$2497,0)+5),"Szöveg megnyitása") -> Szöveg megnyitása
A35: TV | B35: 29. § | C35: 20. A hatósági nyilvántartás | D35: 0 | E35: 0 | F35: Forrás elérhető; tételes bontás hátravan | G35: =HYPERLINK("#'Forrásszöveg'!A"&(MATCH("TV-S0608",Forrásszöveg!$A$6:$A$2497,0)+5),"Szöveg megnyitása") -> Szöveg megnyitása
A36: TV | B36: 30. § | C36: 21. Jogkövetkezmények | D36: 0 | E36: 0 | F36: Forrás elérhető; tételes bontás hátravan | G36: =HYPERLINK("#'Forrásszöveg'!A"&(MATCH("TV-S0633",Forrásszöveg!$A$6:$A$2497,0)+5),"Szöveg megnyitása") -> Szöveg megnyitása
A37: TV | B37: 31. § | C37: 21. Jogkövetkezmények | D37: 0 | E37: 0 | F37: Forrás elérhető; tételes bontás hátravan | G37: =HYPERLINK("#'Forrásszöveg'!A"&(MATCH("TV-S0656",Forrásszöveg!$A$6:$A$2497,0)+5),"Szöveg megnyitása") -> Szöveg megnyitása
A38: TV | B38: 32. § | C38: 21. Jogkövetkezmények | D38: 0 | E38: 0 | F38: Forrás elérhető; tételes bontás hátravan | G38: =HYPERLINK("#'Forrásszöveg'!A"&(MATCH("TV-S0661",Forrásszöveg!$A$6:$A$2497,0)+5),"Szöveg megnyitása") -> Szöveg megnyitása
A39: TV | B39: 33. § | C39: 22. Az ideiglenes hozzáférhetetlenné tétel | D39: 0 | E39: 0 | F39: Forrás elérhető; tételes bontás hátravan | G39: =HYPERLINK("#'Forrásszöveg'!A"&(MATCH("TV-S0668",Forrásszöveg!$A$6:$A$2497,0)+5),"Szöveg megnyitása") -> Szöveg megnyitása
A40: TV | B40: 34. § | C40: 22. Az ideiglenes hozzáférhetetlenné tétel | D40: 0 | E40: 0 | F40: Forrás elérhető; tételes bontás hátravan | G40: =HYPERLINK("#'Forrásszöveg'!A"&(MATCH("TV-S0682",Forrásszöveg!$A$6:$A$2497,0)+5),"Szöveg megnyitása") -> Szöveg megnyitása
A41: TV | B41: 35. § | C41: 22. Az ideiglenes hozzáférhetetlenné tétel | D41: 0 | E41: 0 | F41: Forrás elérhető; tételes bontás hátravan | G41: =HYPERLINK("#'Forrásszöveg'!A"&(MATCH("TV-S0684",Forrásszöveg!$A$6:$A$2497,0)+5),"Szöveg megnyitása") -> Szöveg megnyitása
A42: TV | B42: 36. § | C42: 23. Az elektronikus adat ideiglenes eltávolítása | D42: 0 | E42: 0 | F42: Forrás elérhető; tételes bontás hátravan | G42: =HYPERLINK("#'Forrásszöveg'!A"&(MATCH("TV-S0687",Forrásszöveg!$A$6:$A$2497,0)+5),"Szöveg megnyitása") -> Szöveg megnyitása
A43: TV | B43: 37. § | C43: 23. Az elektronikus adat ideiglenes eltávolítása | D43: 0 | E43: 0 | F43: Forrás elérhető; tételes bontás hátravan | G43: =HYPERLINK("#'Forrásszöveg'!A"&(MATCH("TV-S0692",Forrásszöveg!$A$6:$A$2497,0)+5),"Szöveg megnyitása") -> Szöveg megnyitása
A44: TV | B44: 38. § | C44: 24. A nemzeti kiberbiztonsági tanúsítási rendszerek követelményei | D44: 0 | E44: 0 | F44: Forrás elérhető; tételes bontás hátravan | G44: =HYPERLINK("#'Forrásszöveg'!A"&(MATCH("TV-S0694",Forrásszöveg!$A$6:$A$2497,0)+5),"Szöveg megnyitása") -> Szöveg megnyitása
A45: TV | B45: 39. § | C45: 24. A nemzeti kiberbiztonsági tanúsítási rendszerek követelményei | D45: 0 | E45: 0 | F45: Forrás elérhető; tételes bontás hátravan | G45: =HYPERLINK("#'Forrásszöveg'!A"&(MATCH("TV-S0706",Forrásszöveg!$A$6:$A$2497,0)+5),"Szöveg megnyitása") -> Szöveg megnyitása
A46: TV | B46: 40. § | C46: 25. A nemzeti kiberbiztonsági tanúsítási rendszerek megbízhatósági szintjei | D46: 0 | E46: 0 | F46: Forrás elérhető; tételes bontás hátravan | G46: =HYPERLINK("#'Forrásszöveg'!A"&(MATCH("TV-S0723",Forrásszöveg!$A$6:$A$2497,0)+5),"Szöveg megnyitása") -> Szöveg megnyitása
A47: TV | B47: 41. § | C47: 26. A kiberbiztonsági tanúsítványokkal és a megfelelőségi nyilatkozatokkal kapcsolatos elvárások | D47: 0 | E47: 0 | F47: Forrás elérhető; tételes bontás hátravan | G47: =HYPERLINK("#'Forrásszöveg'!A"&(MATCH("TV-S0742",Forrásszöveg!$A$6:$A$2497,0)+5),"Szöveg megnyitása") -> Szöveg megnyitása
A48: TV | B48: 42. § | C48: 26. A kiberbiztonsági tanúsítványokkal és a megfelelőségi nyilatkozatokkal kapcsolatos elvárások | D48: 0 | E48: 0 | F48: Forrás elérhető; tételes bontás hátravan | G48: =HYPERLINK("#'Forrásszöveg'!A"&(MATCH("TV-S0756",Forrásszöveg!$A$6:$A$2497,0)+5),"Szöveg megnyitása") -> Szöveg megnyitása
A49: TV | B49: 43. § | C49: 27. Megfelelőségi önértékelés, megfelelőségértékelés | D49: 0 | E49: 0 | F49: Forrás elérhető; tételes bontás hátravan | G49: =HYPERLINK("#'Forrásszöveg'!A"&(MATCH("TV-S0759",Forrásszöveg!$A$6:$A$2497,0)+5),"Szöveg megnyitása") -> Szöveg megnyitása
A50: TV | B50: 44. § | C50: 27. Megfelelőségi önértékelés, megfelelőségértékelés | D50: 0 | E50: 0 | F50: Forrás elérhető; tételes bontás hátravan | G50: =HYPERLINK("#'Forrásszöveg'!A"&(MATCH("TV-S0762",Forrásszöveg!$A$6:$A$2497,0)+5),"Szöveg megnyitása") -> Szöveg megnyitása
A51: TV | B51: 45. § | C51: 28. A kiberbiztonsági tanúsítás felügyelete | D51: 0 | E51: 0 | F51: Forrás elérhető; tételes bontás hátravan | G51: =HYPERLINK("#'Forrásszöveg'!A"&(MATCH("TV-S0772",Forrásszöveg!$A$6:$A$2497,0)+5),"Szöveg megnyitása") -> Szöveg megnyitása
A52: TV | B52: 46. § | C52: 28. A kiberbiztonsági tanúsítás felügyelete | D52: 0 | E52: 0 | F52: Forrás elérhető; tételes bontás hátravan | G52: =HYPERLINK("#'Forrásszöveg'!A"&(MATCH("TV-S0777",Forrásszöveg!$A$6:$A$2497,0)+5),"Szöveg megnyitása") -> Szöveg megnyitása
A53: TV | B53: 47. § | C53: 28. A kiberbiztonsági tanúsítás felügyelete | D53: 0 | E53: 0 | F53: Forrás elérhető; tételes bontás hátravan | G53: =HYPERLINK("#'Forrásszöveg'!A"&(MATCH("TV-S0788",Forrásszöveg!$A$6:$A$2497,0)+5),"Szöveg megnyitása") -> Szöveg megnyitása
A54: TV | B54: 48. § | C54: 28. A kiberbiztonsági tanúsítás felügyelete | D54: 0 | E54: 0 | F54: Forrás elérhető; tételes bontás hátravan | G54: =HYPERLINK("#'Forrásszöveg'!A"&(MATCH("TV-S0802",Forrásszöveg!$A$6:$A$2497,0)+5),"Szöveg megnyitása") -> Szöveg megnyitása
A55: TV | B55: 49. § | C55: 28. A kiberbiztonsági tanúsítás felügyelete | D55: 0 | E55: 0 | F55: Forrás elérhető; tételes bontás hátravan | G55: =HYPERLINK("#'Forrásszöveg'!A"&(MATCH("TV-S0827",Forrásszöveg!$A$6:$A$2497,0)+5),"Szöveg megnyitása") -> Szöveg megnyitása
A56: TV | B56: 50. § | C56: 28. A kiberbiztonsági tanúsítás felügyelete | D56: 0 | E56: 0 | F56: Forrás elérhető; tételes bontás hátravan | G56: =HYPERLINK("#'Forrásszöveg'!A"&(MATCH("TV-S0830",Forrásszöveg!$A$6:$A$2497,0)+5),"Szöveg megnyitása") -> Szöveg megnyitása
A57: TV | B57: 51. § | C57: 29. A poszt-kvantumtitkosítás alkalmazásának általános szabályai | D57: 0 | E57: 0 | F57: Forrás elérhető; tételes bontás hátravan | G57: =HYPERLINK("#'Forrásszöveg'!A"&(MATCH("TV-S0838",Forrásszöveg!$A$6:$A$2497,0)+5),"Szöveg megnyitása") -> Szöveg megnyitása
A58: TV | B58: 52. § | C58: 30. A poszt-kvantumtitkosítás alkalmazására kötelezett szervezet védelme | D58: 0 | E58: 0 | F58: Forrás elérhető; tételes bontás hátravan | G58: =HYPERLINK("#'Forrásszöveg'!A"&(MATCH("TV-S0843",Forrásszöveg!$A$6:$A$2497,0)+5),"Szöveg megnyitása") -> Szöveg megnyitása
A59: TV | B59: 53. § | C59: 31. A poszt-kvantumtitkosítás alkalmazást nyújtó szervezetre vonatkozó feltételek | D59: 0 | E59: 0 | F59: Forrás elérhető; tételes bontás hátravan | G59: =HYPERLINK("#'Forrásszöveg'!A"&(MATCH("TV-S0845",Forrásszöveg!$A$6:$A$2497,0)+5),"Szöveg megnyitása") -> Szöveg megnyitása
A60: TV | B60: 54. § | C60: 32. A poszt-kvantumtitkosítás követelményeinek való megfelelés tanúsítása | D60: 0 | E60: 0 | F60: Forrás elérhető; tételes bontás hátravan | G60: =HYPERLINK("#'Forrásszöveg'!A"&(MATCH("TV-S0853",Forrásszöveg!$A$6:$A$2497,0)+5),"Szöveg megnyitása") -> Szöveg megnyitása
A61: TV | B61: 55. § | C61: 33. A tanúsító szervezetre vonatkozó rendelkezések | D61: 0 | E61: 0 | F61: Forrás elérhető; tételes bontás hátravan | G61: =HYPERLINK("#'Forrásszöveg'!A"&(MATCH("TV-S0857",Forrásszöveg!$A$6:$A$2497,0)+5),"Szöveg megnyitása") -> Szöveg megnyitása
A62: TV | B62: 56. § | C62: 34. A poszt-kvantumtitkosítás felügyelete | D62: 0 | E62: 0 | F62: Forrás elérhető; tételes bontás hátravan | G62: =HYPERLINK("#'Forrásszöveg'!A"&(MATCH("TV-S0861",Forrásszöveg!$A$6:$A$2497,0)+5),"Szöveg megnyitása") -> Szöveg megnyitása
A63: TV | B63: 57. § | C63: 35. Sérülékenységvizsgálat végzésére jogosultak | D63: 0 | E63: 0 | F63: Forrás elérhető; tételes bontás hátravan | G63: =HYPERLINK("#'Forrásszöveg'!A"&(MATCH("TV-S0879",Forrásszöveg!$A$6:$A$2497,0)+5),"Szöveg megnyitása") -> Szöveg megnyitása
A64: TV | B64: 58. § | C64: 36. Sérülékenységvizsgálat megindítása | D64: 0 | E64: 0 | F64: Forrás elérhető; tételes bontás hátravan | G64: =HYPERLINK("#'Forrásszöveg'!A"&(MATCH("TV-S0899",Forrásszöveg!$A$6:$A$2497,0)+5),"Szöveg megnyitása") -> Szöveg megnyitása
A65: TV | B65: 59. § | C65: 36. Sérülékenységvizsgálat megindítása | D65: 0 | E65: 0 | F65: Forrás elérhető; tételes bontás hátravan | G65: =HYPERLINK("#'Forrásszöveg'!A"&(MATCH("TV-S0902",Forrásszöveg!$A$6:$A$2497,0)+5),"Szöveg megnyitása") -> Szöveg megnyitása
A66: TV | B66: 60. § | C66: 36. Sérülékenységvizsgálat megindítása | D66: 0 | E66: 0 | F66: Forrás elérhető; tételes bontás hátravan | G66: =HYPERLINK("#'Forrásszöveg'!A"&(MATCH("TV-S0903",Forrásszöveg!$A$6:$A$2497,0)+5),"Szöveg megnyitása") -> Szöveg megnyitása
A67: TV | B67: 61. § | C67: 36. Sérülékenységvizsgálat megindítása | D67: 0 | E67: 0 | F67: Forrás elérhető; tételes bontás hátravan | G67: =HYPERLINK("#'Forrásszöveg'!A"&(MATCH("TV-S0907",Forrásszöveg!$A$6:$A$2497,0)+5),"Szöveg megnyitása") -> Szöveg megnyitása
A68: TV | B68: 62. § | C68: 37. A sérülékenységvizsgálatra vonatkozó általános rendelkezések | D68: 0 | E68: 0 | F68: Forrás elérhető; tételes bontás hátravan | G68: =HYPERLINK("#'Forrásszöveg'!A"&(MATCH("TV-S0909",Forrásszöveg!$A$6:$A$2497,0)+5),"Szöveg megnyitása") -> Szöveg megnyitása
A69: TV | B69: 63. § | C69: 38. A kiberbiztonsági incidenskezelő központok | D69: 0 | E69: 0 | F69: Forrás elérhető; tételes bontás hátravan | G69: =HYPERLINK("#'Forrásszöveg'!A"&(MATCH("TV-S0916",Forrásszöveg!$A$6:$A$2497,0)+5),"Szöveg megnyitása") -> Szöveg megnyitása
A70: TV | B70: 64. § | C70: 38. A kiberbiztonsági incidenskezelő központok | D70: 0 | E70: 0 | F70: Forrás elérhető; tételes bontás hátravan | G70: =HYPERLINK("#'Forrásszöveg'!A"&(MATCH("TV-S0919",Forrásszöveg!$A$6:$A$2497,0)+5),"Szöveg megnyitása") -> Szöveg megnyitása
A71: TV | B71: 65. § | C71: 39. A kiberbiztonsági incidensek megelőzése | D71: 2 | E71: 2 | F71: Tételesen részben kibontva | G71: =HYPERLINK("#'Forrásszöveg'!A"&(MATCH("TV-S0938",Forrásszöveg!$A$6:$A$2497,0)+5),"Szöveg megnyitása") -> Szöveg megnyitása
A72: TV | B72: 66. § | C72: 40. A kiberbiztonsági incidensek bejelentése és kezelése | D72: 5 | E72: 1 | F72: Tételesen részben kibontva | G72: =HYPERLINK("#'Forrásszöveg'!A"&(MATCH("TV-S0947",Forrásszöveg!$A$6:$A$2497,0)+5),"Szöveg megnyitása") -> Szöveg megnyitása
A73: TV | B73: 67. § | C73: 40. A kiberbiztonsági incidensek bejelentése és kezelése | D73: 0 | E73: 2 | F73: Tételesen részben kibontva | G73: =HYPERLINK("#'Forrásszöveg'!A"&(MATCH("TV-S0953",Forrásszöveg!$A$6:$A$2497,0)+5),"Szöveg megnyitása") -> Szöveg megnyitása
A74: TV | B74: 68. § | C74: 40. A kiberbiztonsági incidensek bejelentése és kezelése | D74: 0 | E74: 0 | F74: Forrás elérhető; tételes bontás hátravan | G74: =HYPERLINK("#'Forrásszöveg'!A"&(MATCH("TV-S0957",Forrásszöveg!$A$6:$A$2497,0)+5),"Szöveg megnyitása") -> Szöveg megnyitása
A75: TV | B75: 69. § | C75: 41. A kibertérből érkező támadás megszakításához szükséges intézkedések | D75: 0 | E75: 0 | F75: Forrás elérhető; tételes bontás hátravan | G75: =HYPERLINK("#'Forrásszöveg'!A"&(MATCH("TV-S0960",Forrásszöveg!$A$6:$A$2497,0)+5),"Szöveg megnyitása") -> Szöveg megnyitása
A76: TV | B76: 70. § | C76: 42. Kiberbiztonsági incidensek kezelése | D76: 3 | E76: 0 | F76: Tételesen részben kibontva | G76: =HYPERLINK("#'Forrásszöveg'!A"&(MATCH("TV-S0966",Forrásszöveg!$A$6:$A$2497,0)+5),"Szöveg megnyitása") -> Szöveg megnyitása
A77: TV | B77: 71. § | C77: 43. Az (EU) 2022/2554 európai parlamenti és tanácsi rendelet hatálya alá tartozó szervezetek kiberbiztonsági incidenseinek kezelésére irányadó rendelkezések | D77: 0 | E77: 0 | F77: Hatálylapra átvéve | G77: =HYPERLINK("#'Forrásszöveg'!A"&(MATCH("TV-S0992",Forrásszöveg!$A$6:$A$2497,0)+5),"Szöveg megnyitása") -> Szöveg megnyitása
A78: TV | B78: 72. § | C78: 44. A kiberbiztonságért felelős biztos | D78: 0 | E78: 0 | F78: Forrás elérhető; tételes bontás hátravan | G78: =HYPERLINK("#'Forrásszöveg'!A"&(MATCH("TV-S0997",Forrásszöveg!$A$6:$A$2497,0)+5),"Szöveg megnyitása") -> Szöveg megnyitása
A79: TV | B79: 73. § | C79: 45. A Nemzeti Kiberbiztonsági Munkacsoport | D79: 0 | E79: 0 | F79: Forrás elérhető; tételes bontás hátravan | G79: =HYPERLINK("#'Forrásszöveg'!A"&(MATCH("TV-S1004",Forrásszöveg!$A$6:$A$2497,0)+5),"Szöveg megnyitása") -> Szöveg megnyitása
A80: TV | B80: 74. § | C80: 46. A kiberbiztonsági válsághelyzet-kezelés szervezetrendszere | D80: 0 | E80: 0 | F80: Forrás elérhető; tételes bontás hátravan | G80: =HYPERLINK("#'Forrásszöveg'!A"&(MATCH("TV-S1010",Forrásszöveg!$A$6:$A$2497,0)+5),"Szöveg megnyitása") -> Szöveg megnyitása
A81: TV | B81: 75. § | C81: 47. A nemzeti koordinációs központ | D81: 0 | E81: 0 | F81: Forrás elérhető; tételes bontás hátravan | G81: =HYPERLINK("#'Forrásszöveg'!A"&(MATCH("TV-S1040",Forrásszöveg!$A$6:$A$2497,0)+5),"Szöveg megnyitása") -> Szöveg megnyitása
A82: TV | B82: 76. § | C82: 48. Együttműködés és jelentéstétel | D82: 0 | E82: 0 | F82: Forrás elérhető; tételes bontás hátravan | G82: =HYPERLINK("#'Forrásszöveg'!A"&(MATCH("TV-S1058",Forrásszöveg!$A$6:$A$2497,0)+5),"Szöveg megnyitása") -> Szöveg megnyitása
A83: TV | B83: 77. § | C83: 48. Együttműködés és jelentéstétel | D83: 0 | E83: 0 | F83: Forrás elérhető; tételes bontás hátravan | G83: =HYPERLINK("#'Forrásszöveg'!A"&(MATCH("TV-S1064",Forrásszöveg!$A$6:$A$2497,0)+5),"Szöveg megnyitása") -> Szöveg megnyitása
A84: TV | B84: 78. § | C84: 48. Együttműködés és jelentéstétel | D84: 0 | E84: 0 | F84: Forrás elérhető; tételes bontás hátravan | G84: =HYPERLINK("#'Forrásszöveg'!A"&(MATCH("TV-S1070",Forrásszöveg!$A$6:$A$2497,0)+5),"Szöveg megnyitása") -> Szöveg megnyitása
A85: TV | B85: 79. § | C85: 48. Együttműködés és jelentéstétel | D85: 0 | E85: 0 | F85: Forrás elérhető; tételes bontás hátravan | G85: =HYPERLINK("#'Forrásszöveg'!A"&(MATCH("TV-S1077",Forrásszöveg!$A$6:$A$2497,0)+5),"Szöveg megnyitása") -> Szöveg megnyitása
A86: TV | B86: 79/A. § | C86: 48. Együttműködés és jelentéstétel | D86: 0 | E86: 0 | F86: Forrás elérhető; tételes bontás hátravan | G86: =HYPERLINK("#'Forrásszöveg'!A"&(MATCH("TV-S1079",Forrásszöveg!$A$6:$A$2497,0)+5),"Szöveg megnyitása") -> Szöveg megnyitása
A87: TV | B87: 80. § | C87: 48. Együttműködés és jelentéstétel | D87: 0 | E87: 0 | F87: Forrás elérhető; tételes bontás hátravan | G87: =HYPERLINK("#'Forrásszöveg'!A"&(MATCH("TV-S1081",Forrásszöveg!$A$6:$A$2497,0)+5),"Szöveg megnyitása") -> Szöveg megnyitása
A88: TV | B88: 80/A. § | C88: 48/A. Az (EU) 2024/2847 európai parlamenti és tanácsi rendelet végrehajtásával kapcsolatos általános rendelkezések | D88: 0 | E88: 0 | F88: Forrás elérhető; tételes bontás hátravan | G88: =HYPERLINK("#'Forrásszöveg'!A"&(MATCH("TV-S1086",Forrásszöveg!$A$6:$A$2497,0)+5),"Szöveg megnyitása") -> Szöveg megnyitása
A89: TV | B89: 80/B. § | C89: 48/A. Az (EU) 2024/2847 európai parlamenti és tanácsi rendelet végrehajtásával kapcsolatos általános rendelkezések | D89: 0 | E89: 0 | F89: Forrás elérhető; tételes bontás hátravan | G89: =HYPERLINK("#'Forrásszöveg'!A"&(MATCH("TV-S1091",Forrásszöveg!$A$6:$A$2497,0)+5),"Szöveg megnyitása") -> Szöveg megnyitása
A90: TV | B90: 80/C. § | C90: 48/B. Bejelentő hatósági tevékenység | D90: 0 | E90: 0 | F90: Forrás elérhető; tételes bontás hátravan | G90: =HYPERLINK("#'Forrásszöveg'!A"&(MATCH("TV-S1093",Forrásszöveg!$A$6:$A$2497,0)+5),"Szöveg megnyitása") -> Szöveg megnyitása
A91: TV | B91: 80/D. § | C91: 48/B. Bejelentő hatósági tevékenység | D91: 0 | E91: 0 | F91: Forrás elérhető; tételes bontás hátravan | G91: =HYPERLINK("#'Forrásszöveg'!A"&(MATCH("TV-S1102",Forrásszöveg!$A$6:$A$2497,0)+5),"Szöveg megnyitása") -> Szöveg megnyitása
A92: TV | B92: 80/E. § | C92: 48/B. Bejelentő hatósági tevékenység | D92: 0 | E92: 0 | F92: Forrás elérhető; tételes bontás hátravan | G92: =HYPERLINK("#'Forrásszöveg'!A"&(MATCH("TV-S1108",Forrásszöveg!$A$6:$A$2497,0)+5),"Szöveg megnyitása") -> Szöveg megnyitása
A93: TV | B93: 80/F. § | C93: 48/B. Bejelentő hatósági tevékenység | D93: 0 | E93: 0 | F93: Forrás elérhető; tételes bontás hátravan | G93: =HYPERLINK("#'Forrásszöveg'!A"&(MATCH("TV-S1127",Forrásszöveg!$A$6:$A$2497,0)+5),"Szöveg megnyitása") -> Szöveg megnyitása
A94: TV | B94: 80/G. § | C94: 48/B. Bejelentő hatósági tevékenység | D94: 0 | E94: 0 | F94: Forrás elérhető; tételes bontás hátravan | G94: =HYPERLINK("#'Forrásszöveg'!A"&(MATCH("TV-S1129",Forrásszöveg!$A$6:$A$2497,0)+5),"Szöveg megnyitása") -> Szöveg megnyitása
A95: TV | B95: 81. § | C95: 49. Felhatalmazó rendelkezések | D95: 0 | E95: 0 | F95: Forrás elérhető; tételes bontás hátravan | G95: =HYPERLINK("#'Forrásszöveg'!A"&(MATCH("TV-S1133",Forrásszöveg!$A$6:$A$2497,0)+5),"Szöveg megnyitása") -> Szöveg megnyitása
A96: TV | B96: 82. § | C96: 50. Hatályba léptető rendelkezések | D96: 0 | E96: 0 | F96: Forrás elérhető; tételes bontás hátravan | G96: =HYPERLINK("#'Forrásszöveg'!A"&(MATCH("TV-S1200",Forrásszöveg!$A$6:$A$2497,0)+5),"Szöveg megnyitása") -> Szöveg megnyitása
A97: TV | B97: 83. § | C97: 51. Átmeneti rendelkezések | D97: 0 | E97: 0 | F97: Hatálylapra átvéve | G97: =HYPERLINK("#'Forrásszöveg'!A"&(MATCH("TV-S1203",Forrásszöveg!$A$6:$A$2497,0)+5),"Szöveg megnyitása") -> Szöveg megnyitása
A98: TV | B98: 84. § | C98: 51. Átmeneti rendelkezések | D98: 0 | E98: 0 | F98: Forrás elérhető; tételes bontás hátravan | G98: =HYPERLINK("#'Forrásszöveg'!A"&(MATCH("TV-S1211",Forrásszöveg!$A$6:$A$2497,0)+5),"Szöveg megnyitása") -> Szöveg megnyitása
A99: TV | B99: 85. § | C99: 51. Átmeneti rendelkezések | D99: 0 | E99: 0 | F99: Forrás elérhető; tételes bontás hátravan | G99: =HYPERLINK("#'Forrásszöveg'!A"&(MATCH("TV-S1212",Forrásszöveg!$A$6:$A$2497,0)+5),"Szöveg megnyitása") -> Szöveg megnyitása
A100: TV | B100: 86. § | C100: 51. Átmeneti rendelkezések | D100: 0 | E100: 0 | F100: Forrás elérhető; tételes bontás hátravan | G100: =HYPERLINK("#'Forrásszöveg'!A"&(MATCH("TV-S1214",Forrásszöveg!$A$6:$A$2497,0)+5),"Szöveg megnyitása") -> Szöveg megnyitása
A101: TV | B101: 87. § | C101: 51. Átmeneti rendelkezések | D101: 0 | E101: 0 | F101: Forrás elérhető; tételes bontás hátravan | G101: =HYPERLINK("#'Forrásszöveg'!A"&(MATCH("TV-S1220",Forrásszöveg!$A$6:$A$2497,0)+5),"Szöveg megnyitása") -> Szöveg megnyitása
A102: TV | B102: 88. § | C102: 51. Átmeneti rendelkezések | D102: 0 | E102: 0 | F102: Forrás elérhető; tételes bontás hátravan | G102: =HYPERLINK("#'Forrásszöveg'!A"&(MATCH("TV-S1221",Forrásszöveg!$A$6:$A$2497,0)+5),"Szöveg megnyitása") -> Szöveg megnyitása
...

Sheet Forrásszöveg
A2: Forrásszöveg | F2: =HYPERLINK("#'Áttekintő'!A1","Áttekintő") -> Áttekintő
A3: A letöltött normaszöveg; kiadói lábjegyzetek nélkül. Táblázatsorban a | jel cellahatárt jelöl.
A5: Forrásazonosító | B5: Jogszabály | C5: Jogszabályhely / cím | D5: Szó szerinti szöveg | E5: Bekezdés eleje | F5: Online forrás
A6: TV-S0001 | B6: TV | C6: 2024. évi LXIX. törvény | D6: 2024. évi LXIX. törvény | E6: =HYPERLINK("#'Forrásszöveg'!A"&(MATCH("TV-S0001",Forrásszöveg!$A$6:$A$2497,0)+5),"Ez a forráshely") -> Ez a forráshely | F6: =HYPERLINK("https://net.jogtar.hu/jogszabaly?docid=a2400069.tv#pr1id","Jogtár megnyitása") -> Jogtár megnyitása
A7: TV-S0002 | B7: TV | C7: Magyarország kiberbiztonságáról | D7: Magyarország kiberbiztonságáról | E7: =HYPERLINK("#'Forrásszöveg'!A"&(MATCH("TV-S0002",Forrásszöveg!$A$6:$A$2497,0)+5),"Ez a forráshely") -> Ez a forráshely | F7: =HYPERLINK("https://net.jogtar.hu/jogszabaly?docid=a2400069.tv#pr2id","Jogtár megnyitása") -> Jogtár megnyitása
A8: TV-S0003 | B8: TV | C8: Bevezető rendelkezés | D8: [1] A nemzet érdekében kiemelten fontos napjaink információs társadalmát érő fenyegetések miatt az elektronikus információs rendszerek fenyegetéseinek mérséklése és a kulcsfontosságú ágazatokban a szolgáltatások folyamatosságának biztosítása. | E8: =HYPERLINK("#'Forrásszöveg'!A"&(MATCH("TV-S0003",Forrásszöveg!$A$6:$A$2497,0)+5),"Ez a forráshely") -> Ez a forráshely | F8: =HYPERLINK("https://net.jogtar.hu/jogszabaly?docid=a2400069.tv#pr3id","Jogtár megnyitása") -> Jogtár megnyitása
A9: TV-S0004 | B9: TV | C9: Bevezető rendelkezés | D9: [2] Társadalmi elvárás az állam és polgárai számára elengedhetetlen elektronikus információs rendszerekben kezelt adatok és információk bizalmassága, sértetlensége és rendelkezésre állása zárt, teljes körű, folytonos és a kockázatokkal arányos védelmének biztosítása, ezáltal a kibertér védelme, amely hozzájárul Magyarország és az Európai Unió biztonságához, ellenálló képességének és versenyképességének növeléséhez. | E9: =HYPERLINK("#'Forrásszöveg'!A"&(MATCH("TV-S0004",Forrásszöveg!$A$6:$A$2497,0)+5),"Ez a forráshely") -> Ez a forráshely | F9: =HYPERLINK("https://net.jogtar.hu/jogszabaly?docid=a2400069.tv#pr4id","Jogtár megnyitása") -> Jogtár megnyitása
A10: TV-S0005 | B10: TV | C10: Bevezető rendelkezés | D10: [3] A társadalom gyors digitális átalakulásával és összekapcsolódásával az elektronikus információs rendszerek, valamint a digitális eszközök a mindennapi élet központi elemévé váltak. A fejlődés a digitális fenyegetettségek körének bővüléséhez is vezetett, ami akadályozhatja a gazdasági tevékenységek folytatását, pénzügyi veszteséget okozhat és alááshatja a felhasználók bizalmát, ezzel jelentős károkat okozva a gazdasági és társadalmi életben. Ezen túlmenően a kiberbiztonság kulcsfontosságú tényező számos kritikus ágazat számára a digitális átalakulás sikeres felkarolásához és a digitalizáció gazdasági, társadalmi és fenntartható előnyeinek teljes körű kiaknázásához. | E10: =HYPERLINK("#'Forrásszöveg'!A"&(MATCH("TV-S0005",Forrásszöveg!$A$6:$A$2497,0)+5),"Ez a forráshely") -> Ez a forráshely | F10: =HYPERLINK("https://net.jogtar.hu/jogszabaly?docid=a2400069.tv#pr5id","Jogtár megnyitása") -> Jogtár megnyitása
A11: TV-S0006 | B11: TV | C11: Bevezető rendelkezés | D11: [4] Mindezekre, valamint az Európai Unió egész területén egységesen magas szintű kiberbiztonságot biztosító intézkedésekről szóló irányelvére figyelemmel az Országgyűlés a következő törvényt alkotja: | E11: =HYPERLINK("#'Forrásszöveg'!A"&(MATCH("TV-S0006",Forrásszöveg!$A$6:$A$2497,0)+5),"Ez a forráshely") -> Ez a forráshely | F11: =HYPERLINK("https://net.jogtar.hu/jogszabaly?docid=a2400069.tv#pr6id","Jogtár megnyitása") -> Jogtár megnyitása
A12: TV-S0007 | B12: TV | C12: I. FEJEZET | D12: I. FEJEZET | E12: =HYPERLINK("#'Forrásszöveg'!A"&(MATCH("TV-S0007",Forrásszöveg!$A$6:$A$2497,0)+5),"Ez a forráshely") -> Ez a forráshely | F12: =HYPERLINK("https://net.jogtar.hu/jogszabaly?docid=a2400069.tv#pr7id","Jogtár megnyitása") -> Jogtár megnyitása
A13: TV-S0008 | B13: TV | C13: ÁLTALÁNOS RENDELKEZÉSEK | D13: ÁLTALÁNOS RENDELKEZÉSEK | E13: =HYPERLINK("#'Forrásszöveg'!A"&(MATCH("TV-S0008",Forrásszöveg!$A$6:$A$2497,0)+5),"Ez a forráshely") -> Ez a forráshely | F13: =HYPERLINK("https://net.jogtar.hu/jogszabaly?docid=a2400069.tv#pr8id","Jogtár megnyitása") -> Jogtár megnyitása
A14: TV-S0009 | B14: TV | C14: 1. A törvény hatálya | D14: 1. A törvény hatálya | E14: =HYPERLINK("#'Forrásszöveg'!A"&(MATCH("TV-S0009",Forrásszöveg!$A$6:$A$2497,0)+5),"Ez a forráshely") -> Ez a forráshely | F14: =HYPERLINK("https://net.jogtar.hu/jogszabaly?docid=a2400069.tv#pr9id","Jogtár megnyitása") -> Jogtár megnyitása
A15: TV-S0010 | B15: TV | C15: 1. § (1) | D15: 1. § (1) E törvénynek a szervezetek kötelezettségeire és a kiberbiztonsági hatósági felügyeletre vonatkozó rendelkezéseit kell alkalmazni | E15: =HYPERLINK("#'Forrásszöveg'!A"&(MATCH("TV-S0010",Forrásszöveg!$A$6:$A$2497,0)+5),"1. § (1) eleje") -> 1. § (1) eleje | F15: =HYPERLINK("https://net.jogtar.hu/jogszabaly?docid=a2400069.tv#pr10id","Jogtár megnyitása") -> Jogtár megnyitása
A16: TV-S0011 | B16: TV | C16: 1. § (1) a) | D16: a) az 1. mellékletben felsorolt, a közigazgatási ágazathoz tartozó szervezetekre, | E16: =HYPERLINK("#'Forrásszöveg'!A"&(MATCH("TV-S0010",Forrásszöveg!$A$6:$A$2497,0)+5),"1. § (1) eleje") -> 1. § (1) eleje | F16: =HYPERLINK("https://net.jogtar.hu/jogszabaly?docid=a2400069.tv#pr11id","Jogtár megnyitása") -> Jogtár megnyitása
A17: TV-S0012 | B17: TV | C17: 1. § (1) b) | D17: b) a többségi állami befolyás alatt álló azon gazdálkodó szervezetekre, amelyek nem tartoznak az a) pont hatálya alá és amelyek vonatkozásában legalább az egyik feltétel teljesül az alábbiak közül: | E17: =HYPERLINK("#'Forrásszöveg'!A"&(MATCH("TV-S0010",Forrásszöveg!$A$6:$A$2497,0)+5),"1. § (1) eleje") -> 1. § (1) eleje | F17: =HYPERLINK("https://net.jogtar.hu/jogszabaly?docid=a2400069.tv#pr12id","Jogtár megnyitása") -> Jogtár megnyitása
A18: TV-S0013 | B18: TV | C18: 1. § (1) b) ba) | D18: ba) összes foglalkoztatotti létszáma eléri vagy meghaladja az 50 főt, vagy | E18: =HYPERLINK("#'Forrásszöveg'!A"&(MATCH("TV-S0010",Forrásszöveg!$A$6:$A$2497,0)+5),"1. § (1) eleje") -> 1. § (1) eleje | F18: =HYPERLINK("https://net.jogtar.hu/jogszabaly?docid=a2400069.tv#pr13id","Jogtár megnyitása") -> Jogtár megnyitása
A19: TV-S0014 | B19: TV | C19: 1. § (1) b) bb) | D19: bb) éves nettó árbevétele vagy éves költségvetési bevételi előirányzata meghaladja a 10 millió eurónak megfelelő forintösszeget, és – a számvitelről szóló 2000. évi C. törvény 8. § (2) bekezdése szerinti beszámoló készítésére köteles szervezet esetében – mérlegfőösszege meghaladja a 10 millió eurónak megfelelő forintösszeget, | E19: =HYPERLINK("#'Forrásszöveg'!A"&(MATCH("TV-S0010",Forrásszöveg!$A$6:$A$2497,0)+5),"1. § (1) eleje") -> 1. § (1) eleje | F19: =HYPERLINK("https://net.jogtar.hu/jogszabaly?docid=a2400069.tv#pr14id","Jogtár megnyitása") -> Jogtár megnyitása
A20: TV-S0015 | B20: TV | C20: 1. § (1) c) | D20: c) a 23. § (1) bekezdés a) pontja szerinti nemzeti kiberbiztonsági hatóság (a továbbiakban: nemzeti kiberbiztonsági hatóság), vagy a 23. § (2) bekezdése szerinti honvédelmi kiberbiztonsági hatóság (a továbbiakban: honvédelmi kiberbiztonsági hatóság) által a (6) bekezdés szerint alapvető vagy fontos szervezetként azonosított, az a), b) és d)–f) pont, valamint az (EU) 2022/2554 európai parlamenti és tanácsi rendelet hatálya alá nem tartozó szervezetekre, | E20: =HYPERLINK("#'Forrásszöveg'!A"&(MATCH("TV-S0010",Forrásszöveg!$A$6:$A$2497,0)+5),"1. § (1) eleje") -> 1. § (1) eleje | F20: =HYPERLINK("https://net.jogtar.hu/jogszabaly?docid=a2400069.tv#pr15id","Jogtár megnyitása") -> Jogtár megnyitása
A21: TV-S0016 | B21: TV | C21: 1. § (1) d) | D21: d) azokra a 2. és 3. melléklet szerinti szervezetekre, amelyek nem tartoznak az a) pont hatálya alá és a kis- és középvállalkozásokról, fejlődésük támogatásáról szóló törvény szerint középvállalkozásoknak minősülnek, valamint azokra a 2. és 3. melléklet szerinti szervezetekre, amelyek nem tartoznak az a) pont hatálya alá, és amelyek vonatkozásában legalább az egyik feltétel teljesül a következők közül: | E21: =HYPERLINK("#'Forrásszöveg'!A"&(MATCH("TV-S0010",Forrásszöveg!$A$6:$A$2497,0)+5),"1. § (1) eleje") -> 1. § (1) eleje | F21: =HYPERLINK("https://net.jogtar.hu/jogszabaly?docid=a2400069.tv#pr16id","Jogtár megnyitása") -> Jogtár megnyitása
A22: TV-S0017 | B22: TV | C22: 1. § (1) d) da) | D22: da) összes foglalkoztatotti létszáma eléri vagy meghaladja az 50 főt, vagy | E22: =HYPERLINK("#'Forrásszöveg'!A"&(MATCH("TV-S0010",Forrásszöveg!$A$6:$A$2497,0)+5),"1. § (1) eleje") -> 1. § (1) eleje | F22: =HYPERLINK("https://net.jogtar.hu/jogszabaly?docid=a2400069.tv#pr17id","Jogtár megnyitása") -> Jogtár megnyitása
A23: TV-S0018 | B23: TV | C23: 1. § (1) d) db) | D23: db) éves nettó árbevétele vagy éves költségvetési bevételi előirányzata meghaladja a 10 millió eurónak megfelelő forintösszeget, és – a számvitelről szóló 2000. évi C. törvény 8. § (2) bekezdése szerinti beszámoló készítésére köteles szervezet esetében – mérlegfőösszege meghaladja a 10 millió eurónak megfelelő forintösszeget, | E23: =HYPERLINK("#'Forrásszöveg'!A"&(MATCH("TV-S0010",Forrásszöveg!$A$6:$A$2497,0)+5),"1. § (1) eleje") -> 1. § (1) eleje | F23: =HYPERLINK("https://net.jogtar.hu/jogszabaly?docid=a2400069.tv#pr18id","Jogtár megnyitása") -> Jogtár megnyitása
A24: TV-S0019 | B24: TV | C24: 1. § (1) e) | D24: e) méretüktől függetlenül, az a) pont hatálya alá nem tartozó, a 2. és 3. melléklet szerinti szervezetekre, ha a szervezet | E24: =HYPERLINK("#'Forrásszöveg'!A"&(MATCH("TV-S0010",Forrásszöveg!$A$6:$A$2497,0)+5),"1. § (1) eleje") -> 1. § (1) eleje | F24: =HYPERLINK("https://net.jogtar.hu/jogszabaly?docid=a2400069.tv#pr19id","Jogtár megnyitása") -> Jogtár megnyitása
A25: TV-S0020 | B25: TV | C25: 1. § (1) e) ea) | D25: ea) elektronikus hírközlési szolgáltató, | E25: =HYPERLINK("#'Forrásszöveg'!A"&(MATCH("TV-S0010",Forrásszöveg!$A$6:$A$2497,0)+5),"1. § (1) eleje") -> 1. § (1) eleje | F25: =HYPERLINK("https://net.jogtar.hu/jogszabaly?docid=a2400069.tv#pr20id","Jogtár megnyitása") -> Jogtár megnyitása
A26: TV-S0021 | B26: TV | C26: 1. § (1) e) eb) | D26: eb) bizalmi szolgáltató, | E26: =HYPERLINK("#'Forrásszöveg'!A"&(MATCH("TV-S0010",Forrásszöveg!$A$6:$A$2497,0)+5),"1. § (1) eleje") -> 1. § (1) eleje | F26: =HYPERLINK("https://net.jogtar.hu/jogszabaly?docid=a2400069.tv#pr21id","Jogtár megnyitása") -> Jogtár megnyitása
A27: TV-S0022 | B27: TV | C27: 1. § (1) e) ec) | D27: ec) DNS-szolgáltató, | E27: =HYPERLINK("#'Forrásszöveg'!A"&(MATCH("TV-S0010",Forrásszöveg!$A$6:$A$2497,0)+5),"1. § (1) eleje") -> 1. § (1) eleje | F27: =HYPERLINK("https://net.jogtar.hu/jogszabaly?docid=a2400069.tv#pr22id","Jogtár megnyitása") -> Jogtár megnyitása
A28: TV-S0023 | B28: TV | C28: 1. § (1) e) ed) | D28: ed) legfelső szintű doménnév-nyilvántartó vagy | E28: =HYPERLINK("#'Forrásszöveg'!A"&(MATCH("TV-S0010",Forrásszöveg!$A$6:$A$2497,0)+5),"1. § (1) eleje") -> 1. § (1) eleje | F28: =HYPERLINK("https://net.jogtar.hu/jogszabaly?docid=a2400069.tv#pr23id","Jogtár megnyitása") -> Jogtár megnyitása
A29: TV-S0024 | B29: TV | C29: 1. § (1) e) ee) | D29: ee) doménnév-regisztrációt végző szolgáltató, valamint | E29: =HYPERLINK("#'Forrásszöveg'!A"&(MATCH("TV-S0010",Forrásszöveg!$A$6:$A$2497,0)+5),"1. § (1) eleje") -> 1. § (1) eleje | F29: =HYPERLINK("https://net.jogtar.hu/jogszabaly?docid=a2400069.tv#pr24id","Jogtár megnyitása") -> Jogtár megnyitása
A30: TV-S0025 | B30: TV | C30: 1. § (1) f) | D30: f) a honvédelmi érdekhez kapcsolódó tevékenységet folytató gazdasági társaságokra. | E30: =HYPERLINK("#'Forrásszöveg'!A"&(MATCH("TV-S0010",Forrásszöveg!$A$6:$A$2497,0)+5),"1. § (1) eleje") -> 1. § (1) eleje | F30: =HYPERLINK("https://net.jogtar.hu/jogszabaly?docid=a2400069.tv#pr25id","Jogtár megnyitása") -> Jogtár megnyitása
A31: TV-S0026 | B31: TV | C31: 1. § (1a) | D31: (1a) Az (1) bekezdésben euróban meghatározott összegek forintra történő átszámításakor a Magyar Nemzeti Bank által közzétett, a szervezet üzleti évének lezárásakor vagy – költségvetési szerv esetében – a költségvetési év zárásakor érvényes hivatalos devizaárfolyamot kell alkalmazni. Újonnan alapított szervezet esetén a tárgyévet megelőző év utolsó napján érvényes, a Magyar Nemzeti Bank által közzétett hivatalos devizaárfolyamot kell alkalmazni. | E31: =HYPERLINK("#'Forrásszöveg'!A"&(MATCH("TV-S0026",Forrásszöveg!$A$6:$A$2497,0)+5),"1. § (1a) eleje") -> 1. § (1a) eleje | F31: =HYPERLINK("https://net.jogtar.hu/jogszabaly?docid=a2400069.tv#pr26id","Jogtár megnyitása") -> Jogtár megnyitása
A32: TV-S0027 | B32: TV | C32: 1. § (2) | D32: (2) A kritikus szervezetek ellenálló képességéről szóló törvény (a továbbiakban: Kszetv.) alapján kijelölt kritikus szervezetek és kritikus infrastruktúrák (a továbbiakban együtt: kritikus szervezet), valamint a védelmi és biztonsági tevékenységek összehangolásáról szóló törvény (a továbbiakban: Vbö.) alapján kijelölt, az ország védelme és biztonsága szempontjából jelentős szervezetek és infrastruktúrák (a továbbiakban együtt: az ország védelme és biztonsága szempontjából jelentős szervezet) vonatkozásában a szervezetnek az (1) bekezdés szerinti minősülése az irányadó e törvény rendelkezéseinek az alkalmazása során, kivéve, ha a kritikus szervezet vagy az ország védelme és biztonsága szempontjából jelentős szervezet az (EU) 2022/2554 európai parlamenti és tanácsi rendelet hatálya alá tartozik. | E32: =HYPERLINK("#'Forrásszöveg'!A"&(MATCH("TV-S0027",Forrásszöveg!$A$6:$A$2497,0)+5),"1. § (2) eleje") -> 1. § (2) eleje | F32: =HYPERLINK("https://net.jogtar.hu/jogszabaly?docid=a2400069.tv#pr27id","Jogtár megnyitása") -> Jogtár megnyitása
A33: TV-S0028 | B33: TV | C33: 1. § (2a) | D33: (2a) E törvénynek – a 9. § és a 13–15. § kivételével – az 1. § (1) bekezdés a) pontja szerinti szervezetekre irányadó rendelkezéseit kell alkalmazni arra a kritikus szervezetre vagy az ország védelme és biztonsága szempontjából jelentős szervezetre, amely nem minősül az (1) bekezdés szerinti szervezetnek. | E33: =HYPERLINK("#'Forrásszöveg'!A"&(MATCH("TV-S0028",Forrásszöveg!$A$6:$A$2497,0)+5),"1. § (2a) eleje") -> 1. § (2a) eleje | F33: =HYPERLINK("https://net.jogtar.hu/jogszabaly?docid=a2400069.tv#pr28id","Jogtár megnyitása") -> Jogtár megnyitása
A34: TV-S0029 | B34: TV | C34: 1. § (3) | D34: (3) A szervezetek – az általuk nyújtott szolgáltatásnak az állam, a társadalom, a gazdaság működése szempontjából való kritikussága, valamint bizonyos esetekben a szervezet mérete alapján – alapvető vagy fontos szervezeteknek minősülnek. | E34: =HYPERLINK("#'Forrásszöveg'!A"&(MATCH("TV-S0029",Forrásszöveg!$A$6:$A$2497,0)+5),"1. § (3) eleje") -> 1. § (3) eleje | F34: =HYPERLINK("https://net.jogtar.hu/jogszabaly?docid=a2400069.tv#pr29id","Jogtár megnyitása") -> Jogtár megnyitása
A35: TV-S0030 | B35: TV | C35: 1. § (4) | D35: (4) Az (1) bekezdés szerinti szervezetek közül alapvető szervezetnek minősülnek az alábbi szervezetek: | E35: =HYPERLINK("#'Forrásszöveg'!A"&(MATCH("TV-S0030",Forrásszöveg!$A$6:$A$2497,0)+5),"1. § (4) eleje") -> 1. § (4) eleje | F35: =HYPERLINK("https://net.jogtar.hu/jogszabaly?docid=a2400069.tv#pr30id","Jogtár megnyitása") -> Jogtár megnyitása
A36: TV-S0031 | B36: TV | C36: 1. § (4) a) | D36: a) az 1. melléklet szerinti szervezetek, kivéve a 20 000 főt meg nem haladó lakosságszámú települések képviselő-testületének hivatalai, | E36: =HYPERLINK("#'Forrásszöveg'!A"&(MATCH("TV-S0030",Forrásszöveg!$A$6:$A$2497,0)+5),"1. § (4) eleje") -> 1. § (4) eleje | F36: =HYPERLINK("https://net.jogtar.hu/jogszabaly?docid=a2400069.tv#pr31id","Jogtár megnyitása") -> Jogtár megnyitása
A37: TV-S0032 | B37: TV | C37: 1. § (4) b) | D37: b) az (1) bekezdés b) pontja szerinti szervezetek, | E37: =HYPERLINK("#'Forrásszöveg'!A"&(MATCH("TV-S0030",Forrásszöveg!$A$6:$A$2497,0)+5),"1. § (4) eleje") -> 1. § (4) eleje | F37: =HYPERLINK("https://net.jogtar.hu/jogszabaly?docid=a2400069.tv#pr32id","Jogtár megnyitása") -> Jogtár megnyitása
A38: TV-S0033 | B38: TV | C38: 1. § (4) c) | D38: c) azon szervezetek, amelyeket a nemzeti kiberbiztonsági hatóság vagy a honvédelmi kiberbiztonsági hatóság alapvető szervezetként azonosított, | E38: =HYPERLINK("#'Forrásszöveg'!A"&(MATCH("TV-S0030",Forrásszöveg!$A$6:$A$2497,0)+5),"1. § (4) eleje") -> 1. § (4) eleje | F38: =HYPERLINK("https://net.jogtar.hu/jogszabaly?docid=a2400069.tv#pr33id","Jogtár megnyitása") -> Jogtár megnyitása
A39: TV-S0034 | B39: TV | C39: 1. § (4) d) | D39: d) a Kszetv. alapján kijelölt kritikus szervezetek, | E39: =HYPERLINK("#'Forrásszöveg'!A"&(MATCH("TV-S0030",Forrásszöveg!$A$6:$A$2497,0)+5),"1. § (4) eleje") -> 1. § (4) eleje | F39: =HYPERLINK("https://net.jogtar.hu/jogszabaly?docid=a2400069.tv#pr34id","Jogtár megnyitása") -> Jogtár megnyitása
A40: TV-S0035 | B40: TV | C40: 1. § (4) e) | D40: e) a Vbö. alapján kijelölt, az ország védelme és biztonsága szempontjából jelentős szervezetek, | E40: =HYPERLINK("#'Forrásszöveg'!A"&(MATCH("TV-S0030",Forrásszöveg!$A$6:$A$2497,0)+5),"1. § (4) eleje") -> 1. § (4) eleje | F40: =HYPERLINK("https://net.jogtar.hu/jogszabaly?docid=a2400069.tv#pr35id","Jogtár megnyitása") -> Jogtár megnyitása
A41: TV-S0036 | B41: TV | C41: 1. § (4) f) | D41: f) a 2. melléklet szerinti azon szervezetek, amelyek a kis- és középvállalkozásokról, fejlődésük támogatásáról szóló törvény szerint középvállalkozásnak minősülnek vagy meghaladják a középvállalkozásokra vonatkozóan előírt küszöbértékeket, valamint | E41: =HYPERLINK("#'Forrásszöveg'!A"&(MATCH("TV-S0030",Forrásszöveg!$A$6:$A$2497,0)+5),"1. § (4) eleje") -> 1. § (4) eleje | F41: =HYPERLINK("https://net.jogtar.hu/jogszabaly?docid=a2400069.tv#pr36id","Jogtár megnyitása") -> Jogtár megnyitása
A42: TV-S0037 | B42: TV | C42: 1. § (4) g) | D42: g) a minősített bizalmi szolgáltatók és a legfelső szintű doménnév-nyilvántartók, valamint a DNS-szolgáltatók, méretüktől függetlenül, | E42: =HYPERLINK("#'Forrásszöveg'!A"&(MATCH("TV-S0030",Forrásszöveg!$A$6:$A$2497,0)+5),"1. § (4) eleje") -> 1. § (4) eleje | F42: =HYPERLINK("https://net.jogtar.hu/jogszabaly?docid=a2400069.tv#pr37id","Jogtár megnyitása") -> Jogtár megnyitása
A43: TV-S0038 | B43: TV | C43: 1. § (4) h) | D43: h) a honvédelmi érdekhez kapcsolódó tevékenységet folytató gazdasági társaságok. | E43: =HYPERLINK("#'Forrásszöveg'!A"&(MATCH("TV-S0030",Forrásszöveg!$A$6:$A$2497,0)+5),"1. § (4) eleje") -> 1. § (4) eleje | F43: =HYPERLINK("https://net.jogtar.hu/jogszabaly?docid=a2400069.tv#pr38id","Jogtár megnyitása") -> Jogtár megnyitása
A44: TV-S0039 | B44: TV | C44: 1. § (5) | D44: (5) Az (1) bekezdés szerinti szervezetek közül fontos szervezetnek minősülnek és a szervezetekre vonatkozó rendelkezéseket az e törvényben foglalt eltérésekkel kell alkalmazni az alábbi szervezetekre: | E44: =HYPERLINK("#'Forrásszöveg'!A"&(MATCH("TV-S0039",Forrásszöveg!$A$6:$A$2497,0)+5),"1. § (5) eleje") -> 1. § (5) eleje | F44: =HYPERLINK("https://net.jogtar.hu/jogszabaly?docid=a2400069.tv#pr39id","Jogtár megnyitása") -> Jogtár megnyitása
A45: TV-S0040 | B45: TV | C45: 1. § (5) a) | D45: a) a 20 000 főt meg nem haladó lakosságszámú települések képviselő-testületének hivatalai, | E45: =HYPERLINK("#'Forrásszöveg'!A"&(MATCH("TV-S0039",Forrásszöveg!$A$6:$A$2497,0)+5),"1. § (5) eleje") -> 1. § (5) eleje | F45: =HYPERLINK("https://net.jogtar.hu/jogszabaly?docid=a2400069.tv#pr40id","Jogtár megnyitása") -> Jogtár megnyitása
A46: TV-S0041 | B46: TV | C46: 1. § (5) b) | D46: b) azon szervezetek, amelyeket a nemzeti kiberbiztonsági hatóság vagy a honvédelmi kiberbiztonsági hatóság fontos szervezetként azonosított, | E46: =HYPERLINK("#'Forrásszöveg'!A"&(MATCH("TV-S0039",Forrásszöveg!$A$6:$A$2497,0)+5),"1. § (5) eleje") -> 1. § (5) eleje | F46: =HYPERLINK("https://net.jogtar.hu/jogszabaly?docid=a2400069.tv#pr41id","Jogtár megnyitása") -> Jogtár megnyitása
